,servo_steering,motor,builtin_accel,,,gps,,,,
timestamp,position,speed,x,y,z,lat,long,speed,heading,hdop
6.890296936035156e-05,0,speed,0,0,0,0,0,0,0,0
0.005563020706176758,0,speed,0,0,0,0,0,0,0,0
0.010740995407104492,0,speed,0,0,0,0,0,0,0,0
0.017134904861450195,0,speed,3,-17,14,0,0,0,0,0
0.023517847061157227,0,speed,3,-17,14,0,0,0,0,0
0.02998805046081543,0,speed,3,-17,14,0,0.0,0,0.0,0.0
0.03640103340148926,0,speed,3,-17,14,0,0.0,0,0.0,0.0
0.04217982292175293,0,speed,3,-17,14,0,0.0,0,0.0,0.0
0.04858589172363281,0,speed,3,-17,14,0,0.0,0,0.0,0.0
0.0550539493560791,0,speed,3,-17,14,0,0.0,0,0.0,0.0
0.0608060359954834,0,speed,3,-17,14,0,0.0,0,0.0,0.0
0.0661020278930664,0,speed,3,-17,14,0,0.0,0,0.0,0.0
0.07257294654846191,0,speed,3,-17,14,0,0.0,0,0.0,0.0
0.07882189750671387,0,speed,3,-17,13,0,0.0,0,0.0,0.0
0.08492088317871094,0,speed,3,-17,13,0,0.0,0,0.0,0.0
0.09060382843017578,0,speed,3,-17,13,0,0.0,0,0.0,0.0
0.09839797019958496,0,speed,3,-17,13,0,0.0,0,0.0,0.0
0.10489201545715332,0,speed,3,-17,13,0,0.0,0,0.0,0.0
0.11039400100708008,0,speed,3,-17,13,0,0.0,0,0.0,0.0
0.11560797691345215,0,speed,3,-17,13,0,0.0,0,0.0,0.0
0.12204098701477051,0,speed,3,-17,13,0,0.0,0,0.0,0.0
0.12779498100280762,0,speed,3,-17,13,0,0.0,0,0.0,0.0
0.1331169605255127,0,speed,3,-17,13,0,0.0,0,0.0,0.0
0.13962388038635254,0,speed,3,-16,14,0,0.0,0,0.0,0.0
0.14482998847961426,0,speed,3,-16,14,0,0.0,0,0.0,0.0
0.15123605728149414,0,speed,3,-16,14,0,0.0,0,0.0,0.0
0.1577918529510498,0,speed,3,-16,14,0,0.0,0,0.0,0.0
0.1632540225982666,0,speed,3,-16,14,0,0.0,0,0.0,0.0
0.1698000431060791,0,speed,3,-16,14,0,0.0,0,0.0,0.0
0.1753368377685547,0,speed,3,-16,14,0,0.0,0,0.0,0.0
0.18080592155456543,0,speed,3,-16,14,0,0.0,0,0.0,0.0
0.18694782257080078,0,speed,5,-17,14,0,0.0,0,0.0,0.0
0.19241905212402344,0,speed,5,-17,14,0,0.0,0,0.0,0.0
0.19756293296813965,0,speed,5,-17,14,0,0.0,0,0.0,0.0
0.20404601097106934,0,speed,5,-17,14,0,0.0,0,0.0,0.0
0.20925593376159668,0,speed,5,-17,14,0,0.0,0,0.0,0.0
0.2153940200805664,0,speed,5,-17,14,0,0.0,0,0.0,0.0
0.2217869758605957,0,speed,5,-17,14,0,0.0,0,0.0,0.0
0.22771596908569336,0,speed,5,-17,14,0,0.0,0,0.0,0.0
0.23375701904296875,0,speed,5,-17,14,0,0.0,0,0.0,0.0
0.2401878833770752,0,speed,5,-17,14,0,0.0,0,0.0,0.0
0.2464280128479004,0,speed,4,-18,15,0,0.0,0,0.0,0.0
0.2527458667755127,0,speed,4,-18,15,0,0.0,0,0.0,0.0
0.25855088233947754,0,speed,4,-18,15,0,0.0,0,0.0,0.0
0.26377296447753906,0,speed,4,-18,15,0,0.0,0,0.0,0.0
0.27021288871765137,0,speed,4,-18,15,0,0.0,0,0.0,0.0
0.27550292015075684,0,speed,4,-18,15,0,0.0,0,0.0,0.0
0.28074097633361816,0,speed,4,-18,15,0,0.0,0,0.0,0.0
0.28671789169311523,0,speed,4,-18,15,0,0.0,0,0.0,0.0
0.29311299324035645,0,speed,4,-18,15,0,0.0,0,0.0,0.0
0.29860997200012207,0,speed,3,-17,14,0,0.0,0,0.0,0.0
0.30373501777648926,0,speed,3,-17,14,0,0.0,0,0.0,0.0
0.30950093269348145,0,speed,3,-17,14,0,0.0,0,0.0,0.0
0.3148159980773926,0,speed,3,-17,14,0,0.0,0,0.0,0.0
0.3211798667907715,0,speed,3,-17,14,0,0.0,0,0.0,0.0
0.3284158706665039,0,speed,3,-17,14,0,0.0,0,0.0,0.0
0.3349130153656006,0,speed,3,-17,14,0,0.0,0,0.0,0.0
0.3410160541534424,0,speed,3,-17,14,0,0.0,0,0.0,0.0
0.3474750518798828,0,speed,3,-17,14,0,0.0,0,0.0,0.0
0.3530080318450928,0,speed,3,-17,14,0,0.0,0,0.0,0.0
0.35896897315979004,0,speed,4,-18,14,0,0.0,0,0.0,0.0
0.3642308712005615,0,speed,4,-18,14,0,0.0,0,0.0,0.0
0.37003302574157715,0,speed,4,-18,14,0,0.0,0,0.0,0.0
0.37949490547180176,0,speed,4,-18,14,0,0.0,0,0.0,0.0
0.3847990036010742,0,speed,4,-18,14,0,0.0,0,0.0,0.0
0.3902778625488281,0,speed,4,-18,14,0,0.0,0,0.0,0.0
0.3956618309020996,0,speed,4,-18,14,0,0.0,0,0.0,0.0
0.40091800689697266,0,speed,4,-18,14,0,0.0,0,0.0,0.0
0.4067649841308594,0,speed,4,-17,14,0,0.0,0,0.0,0.0
0.41292905807495117,0,speed,4,-17,14,0,0.0,0,0.0,0.0
0.4181380271911621,0,speed,4,-17,14,0,0.0,0,0.0,0.0
0.4241030216217041,0,speed,4,-17,14,0,0.0,0,0.0,0.0
0.43015599250793457,0,speed,4,-17,14,0,0.0,0,0.0,0.0
0.4352869987487793,0,speed,4,-17,14,0,0.0,0,0.0,0.0
0.4413290023803711,0,speed,4,-17,14,0,0.0,0,0.0,0.0
0.4471249580383301,0,speed,4,-17,14,0,0.0,0,0.0,0.0
0.4534628391265869,0,speed,4,-17,14,0,0.0,0,0.0,0.0
0.4594399929046631,0,speed,4,-17,14,0,0.0,0,0.0,0.0
0.4645538330078125,0,speed,4,-17,14,0,0.0,0,0.0,0.0
0.4710700511932373,0,speed,3,-18,14,0,0.0,0,0.0,0.0
0.4771609306335449,0,speed,3,-18,14,0,0.0,0,0.0,0.0
0.4824340343475342,0,speed,3,-18,14,0,0.0,0,0.0,0.0
0.4879570007324219,0,speed,3,-18,14,0,0.0,0,0.0,0.0
0.4943978786468506,0,speed,3,-18,14,0,0.0,0,0.0,0.0
0.5007128715515137,0,speed,3,-18,14,0,0.0,0,0.0,0.0
0.5070028305053711,0,speed,3,-18,14,0,0.0,0,0.0,0.0
0.5121958255767822,0,speed,3,-18,14,0,0.0,0,0.0,0.0
0.5174820423126221,0,speed,1,-16,14,0,0.0,0,0.0,0.0
0.523982048034668,0,speed,1,-16,14,0,0.0,0,0.0,0.0
0.5307438373565674,0,speed,1,-16,14,0,0.0,0,0.0,0.0
0.5368800163269043,0,speed,1,-16,14,0,0.0,0,0.0,0.0
0.5423810482025146,0,speed,1,-16,14,0,0.0,0,0.0,0.0
0.5482418537139893,0,speed,1,-16,14,0,0.0,0,0.0,0.0
0.5538680553436279,0,speed,1,-16,14,0,0.0,0,0.0,0.0
0.5599639415740967,0,speed,1,-16,14,0,0.0,0,0.0,0.0
0.5653128623962402,0,speed,1,-16,14,0,0.0,0,0.0,0.0
0.5713200569152832,0,speed,1,-16,14,0,0.0,0,0.0,0.0
0.5767378807067871,0,speed,4,-17,13,0,0.0,0,0.0,0.0
0.583143949508667,0,speed,4,-17,13,0,0.0,0,0.0,0.0
0.5895469188690186,0,speed,4,-17,13,0,0.0,0,0.0,0.0
0.5947959423065186,0,speed,4,-17,13,0,0.0,0,0.0,0.0
0.6008329391479492,0,speed,4,-17,13,0,0.0,0,0.0,0.0
0.6085078716278076,0,speed,4,-17,13,0,0.0,0,0.0,0.0
0.613961935043335,0,speed,4,-17,13,0,0.0,0,0.0,0.0
0.6194708347320557,0,speed,4,-17,13,0,0.0,0,0.0,0.0
0.6246969699859619,0,speed,4,-17,13,0,0.0,0,0.0,0.0
0.6303410530090332,0,speed,4,-17,13,0,0.0,0,0.0,0.0
0.6362318992614746,0,speed,3,-17,14,0,0.0,0,0.0,0.0
0.6418459415435791,0,speed,3,-17,14,0,0.0,0,0.0,0.0
0.6475570201873779,0,speed,3,-17,14,0,0.0,0,0.0,0.0
0.6539938449859619,0,speed,3,-17,14,0,0.0,0,0.0,0.0
0.6603050231933594,0,speed,3,-17,14,0,0.0,0,0.0,0.0
0.6675858497619629,0,speed,3,-17,14,0,0.0,0,0.0,0.0
0.6728799343109131,0,speed,3,-17,14,0,0.0,0,0.0,0.0
0.6792459487915039,0,speed,3,-17,14,0,0.0,0,0.0,0.0
0.6851909160614014,0,speed,3,-17,14,0,0.0,0,0.0,0.0
0.6908440589904785,0,speed,3,-18,14,0,0.0,0,0.0,0.0
0.6975879669189453,0,speed,3,-18,14,0,0.0,0,0.0,0.0
0.7031528949737549,0,speed,3,-18,14,0,0.0,0,0.0,0.0
0.708669900894165,0,speed,3,-18,14,0,0.0,0,0.0,0.0
0.714655876159668,0,speed,3,-18,14,0,0.0,0,0.0,0.0
0.7206299304962158,0,speed,3,-18,14,0,0.0,0,0.0,0.0
0.7270369529724121,0,speed,3,-18,14,0,0.0,0,0.0,0.0
0.7333889007568359,0,speed,3,-18,14,0,0.0,0,0.0,0.0
0.7394108772277832,0,speed,3,-18,14,0,0.0,0,0.0,0.0
0.7446620464324951,0,speed,3,-18,14,0,0.0,0,0.0,0.0
0.751013994216919,0,speed,3,-17,15,0,0.0,0,0.0,0.0
0.7573609352111816,0,speed,3,-17,15,0,0.0,0,0.0,0.0
0.7627379894256592,0,speed,3,-17,15,0,0.0,0,0.0,0.0
0.7686469554901123,0,speed,3,-17,15,0,0.0,0,0.0,0.0
0.7742409706115723,0,speed,3,-17,15,0,0.0,0,0.0,0.0
0.7805960178375244,0,speed,3,-17,15,0,0.0,0,0.0,0.0
0.7860229015350342,0,speed,3,-17,15,0,0.0,0,0.0,0.0
0.7921128273010254,0,speed,3,-17,15,0,0.0,0,0.0,0.0
0.7985589504241943,0,speed,4,-18,13,0,0.0,0,0.0,0.0
0.8050029277801514,0,speed,4,-18,13,0,0.0,0,0.0,0.0
0.8114879131317139,0,speed,4,-18,13,0,0.0,0,0.0,0.0
0.8168048858642578,0,speed,4,-18,13,0,0.0,0,0.0,0.0
0.8222839832305908,0,speed,4,-18,13,0,0.0,0,0.0,0.0
0.8280549049377441,0,speed,4,-18,13,0,0.0,0,0.0,0.0
0.834467887878418,0,speed,4,-18,13,0,0.0,0,0.0,0.0
0.8396859169006348,0,speed,4,-18,13,0,0.0,0,0.0,0.0
0.8453400135040283,0,speed,4,-18,13,0,0.0,0,0.0,0.0
0.8516709804534912,0,speed,4,-18,13,0,0.0,0,0.0,0.0
0.8575639724731445,0,speed,4,-17,15,0,0.0,0,0.0,0.0
0.863914966583252,0,speed,4,-17,15,0,0.0,0,0.0,0.0
0.8703670501708984,0,speed,4,-17,15,0,0.0,0,0.0,0.0
0.8756759166717529,0,speed,4,-17,15,0,0.0,0,0.0,0.0
0.8809750080108643,0,speed,4,-17,15,0,0.0,0,0.0,0.0
0.8872709274291992,0,speed,4,-17,15,0,0.0,0,0.0,0.0
0.8928840160369873,0,speed,4,-17,15,0,0.0,0,0.0,0.0
0.8991789817810059,0,speed,4,-17,15,0,0.0,0,0.0,0.0
0.9046149253845215,0,speed,4,-17,15,0,0.0,0,0.0,0.0
0.9106659889221191,0,speed,5,-17,15,0,0.0,0,0.0,0.0
0.9178719520568848,0,speed,5,-17,15,0,0.0,0,0.0,0.0
0.9242558479309082,0,speed,5,-17,15,0,0.0,0,0.0,0.0
0.9306700229644775,0,speed,5,-17,15,0,0.0,0,0.0,0.0
0.9384360313415527,0,speed,5,-17,15,0,0.0,0,0.0,0.0
0.9452519416809082,0,speed,5,-17,15,0,0.0,0,0.0,0.0
0.951056957244873,0,speed,5,-17,15,0,0.0,0,0.0,0.0
0.9575400352478027,0,speed,5,-17,15,0,0.0,0,0.0,0.0
0.9629549980163574,0,speed,5,-17,15,0,0.0,0,0.0,0.0
0.9689600467681885,0,speed,3,-18,14,0,0.0,0,0.0,0.0
0.9744248390197754,0,speed,3,-18,14,0,0.0,0,0.0,0.0
0.9811060428619385,0,speed,3,-18,14,0,0.0,0,0.0,0.0
0.9877948760986328,0,speed,3,-18,14,0,0.0,0,0.0,0.0
0.994351863861084,0,speed,3,-18,14,0,0.0,0,0.0,0.0
1.0008978843688965,0,speed,3,-18,14,0,0.0,0,0.0,0.0
1.0074429512023926,0,speed,3,-18,14,0,0.0,0,0.0,0.0
1.0127110481262207,0,speed,3,-18,14,0,0.0,0,0.0,0.0
1.0180959701538086,0,speed,3,-18,14,0,0.0,0,0.0,0.0
1.0245299339294434,0,speed,3,-18,14,0,0.0,0,0.0,0.0
1.030972957611084,0,speed,2,-17,14,0,0.0,0,0.0,0.0
1.0376908779144287,0,speed,2,-17,14,0,0.0,0,0.0,0.0
1.044123888015747,0,speed,2,-17,14,0,0.0,0,0.0,0.0
1.0493059158325195,0,speed,2,-17,14,0,0.0,0,0.0,0.0
1.0553858280181885,0,speed,2,-17,14,0,0.0,0,0.0,0.0
1.0607149600982666,0,speed,2,-17,14,0,0.0,0,0.0,0.0
1.067126989364624,0,speed,2,-17,14,0,0.0,0,0.0,0.0
1.0723638534545898,0,speed,2,-17,14,0,0.0,0,0.0,0.0
1.0789389610290527,0,speed,3,-16,15,0,0.0,0,0.0,0.0
1.0842559337615967,0,speed,3,-16,15,0,0.0,0,0.0,0.0
1.090277910232544,0,speed,3,-16,15,0,0.0,0,0.0,0.0
1.0957260131835938,0,speed,3,-16,15,0,0.0,0,0.0,0.0
1.102139949798584,0,speed,3,-16,15,0,0.0,0,0.0,0.0
1.108332872390747,0,speed,3,-16,15,0,0.0,0,0.0,0.0
1.1144108772277832,0,speed,3,-16,15,0,0.0,0,0.0,0.0
1.1208689212799072,0,speed,3,-16,15,0,0.0,0,0.0,0.0
1.127363920211792,0,speed,3,-16,15,0,0.0,0,0.0,0.0
1.1333110332489014,0,speed,3,-16,15,0,0.0,0,0.0,0.0
1.1396379470825195,0,speed,4,-19,14,0,0.0,0,0.0,0.0
1.1455209255218506,0,speed,4,-19,14,0,0.0,0,0.0,0.0
1.1515369415283203,0,speed,4,-19,14,0,0.0,0,0.0,0.0
1.1583950519561768,0,speed,4,-19,14,0,0.0,0,0.0,0.0
1.1649439334869385,0,speed,4,-19,14,0,0.0,0,0.0,0.0
1.1715149879455566,0,speed,4,-19,14,0,0.0,0,0.0,0.0
1.1779630184173584,0,speed,4,-19,14,0,0.0,0,0.0,0.0
1.1833479404449463,0,speed,4,-19,14,0,0.0,0,0.0,0.0
1.189621925354004,0,speed,3,-18,13,0,0.0,0,0.0,0.0
1.195443868637085,0,speed,3,-18,13,0,0.0,0,0.0,0.0
1.2017040252685547,0,speed,3,-18,13,0,0.0,0,0.0,0.0
1.2082250118255615,0,speed,3,-18,13,0,0.0,0,0.0,0.0
1.2148258686065674,0,speed,3,-18,13,0,0.0,0,0.0,0.0
1.2209498882293701,0,speed,3,-18,13,0,0.0,0,0.0,0.0
1.2267260551452637,0,speed,3,-18,13,0,0.0,0,0.0,0.0
1.233320951461792,0,speed,3,-18,13,0,0.0,0,0.0,0.0
1.238497018814087,0,speed,3,-18,13,0,0.0,0,0.0,0.0
1.2438468933105469,0,speed,3,-18,13,0,0.0,0,0.0,0.0
1.2498090267181396,0,speed,3,-16,14,0,0.0,0,0.0,0.0
1.2552390098571777,0,speed,3,-16,14,0,0.0,0,0.0,0.0
1.261193037033081,0,speed,3,-16,14,0,0.0,0,0.0,0.0
1.2682180404663086,0,speed,3,-16,14,0,0.0,0,0.0,0.0
1.2747600078582764,0,speed,3,-16,14,0,0.0,0,0.0,0.0
1.2812089920043945,0,speed,3,-16,14,0,0.0,0,0.0,0.0
1.2868540287017822,0,speed,3,-16,14,0,0.0,0,0.0,0.0
1.293159008026123,0,speed,3,-16,14,0,0.0,0,0.0,0.0
1.299159049987793,0,speed,3,-17,12,0,0.0,0,0.0,0.0
1.3057730197906494,0,speed,3,-17,12,0,0.0,0,0.0,0.0
1.31221604347229,0,speed,3,-17,12,0,0.0,0,0.0,0.0
1.318678855895996,0,speed,3,-17,12,0,0.0,0,0.0,0.0
1.3250908851623535,0,speed,3,-17,12,0,0.0,0,0.0,0.0
1.331470012664795,0,speed,3,-17,12,0,0.0,0,0.0,0.0
1.337148904800415,0,speed,3,-17,12,0,0.0,0,0.0,0.0
1.34309983253479,0,speed,3,-17,12,0,0.0,0,0.0,0.0
1.3483328819274902,0,speed,3,-17,12,0,0.0,0,0.0,0.0
1.3537628650665283,0,speed,3,-17,12,0,0.0,0,0.0,0.0
1.3600490093231201,0,speed,4,-18,13,0,0.0,0,0.0,0.0
1.3652069568634033,0,speed,4,-18,13,0,0.0,0,0.0,0.0
1.3715660572052002,0,speed,4,-18,13,0,0.0,0,0.0,0.0
1.3778259754180908,0,speed,4,-18,13,0,0.0,0,0.0,0.0
1.3840160369873047,0,speed,4,-18,13,0,0.0,0,0.0,0.0
1.3906478881835938,0,speed,4,-18,13,0,0.0,0,0.0,0.0
1.3958439826965332,0,speed,4,-18,13,0,0.0,0,0.0,0.0
1.4011168479919434,0,speed,4,-18,13,0,0.0,0,0.0,0.0
1.407533884048462,0,speed,3,-16,14,0,0.0,0,0.0,0.0
1.413977861404419,0,speed,3,-16,14,0,0.0,0,0.0,0.0
1.4205169677734375,0,speed,3,-16,14,0,0.0,0,0.0,0.0
1.4289300441741943,0,speed,3,-16,14,0,0.0,0,0.0,0.0
1.4354398250579834,0,speed,3,-16,14,0,0.0,0,0.0,0.0
1.4406428337097168,0,speed,3,-16,14,0,0.0,0,0.0,0.0
1.4468820095062256,0,speed,3,-16,14,0,0.0,0,0.0,0.0
1.4523539543151855,0,speed,3,-16,14,0,0.0,0,0.0,0.0
1.4585850238800049,0,speed,3,-16,14,0,0.0,0,0.0,0.0
1.4637038707733154,0,speed,3,-16,14,0,0.0,0,0.0,0.0
1.4694209098815918,0,speed,2,-18,14,0,0.0,0,0.0,0.0
1.4746999740600586,0,speed,2,-18,14,0,0.0,0,0.0,0.0
1.4811558723449707,0,speed,2,-18,14,0,0.0,0,0.0,0.0
1.486426830291748,0,speed,2,-18,14,0,0.0,0,0.0,0.0
1.4921009540557861,0,speed,2,-18,14,0,0.0,0,0.0,0.0
1.4989309310913086,0,speed,2,-18,14,0,0.0,0,0.0,0.0
1.5055079460144043,0,speed,2,-18,14,0,0.0,0,0.0,0.0
1.5119569301605225,0,speed,2,-18,14,0,0.0,0,0.0,0.0
1.5183939933776855,0,speed,2,-18,14,0,0.0,0,0.0,0.0
1.5243940353393555,0,speed,2,-18,14,0,0.0,0,0.0,0.0
1.5296099185943604,0,speed,3,-18,13,0,0.0,0,0.0,0.0
1.5354838371276855,0,speed,3,-18,13,0,0.0,0,0.0,0.0
1.5410430431365967,0,speed,3,-18,13,0,0.0,0,0.0,0.0
1.5480380058288574,0,speed,3,-18,13,0,0.0,0,0.0,0.0
1.5533459186553955,0,speed,3,-18,13,0,0.0,0,0.0,0.0
1.55971097946167,0,speed,3,-18,13,0,0.0,0,0.0,0.0
1.5648739337921143,0,speed,3,-18,13,0,0.0,0,0.0,0.0
1.5710690021514893,0,speed,3,-18,13,0,0.0,0,0.0,0.0
1.5767159461975098,0,speed,3,-17,15,0,0.0,0,0.0,0.0
1.583245038986206,0,speed,3,-17,15,0,0.0,0,0.0,0.0
1.5898749828338623,0,speed,3,-17,15,0,0.0,0,0.0,0.0
1.5951850414276123,0,speed,3,-17,15,0,0.0,0,0.0,0.0
1.6010119915008545,0,speed,3,-17,15,0,0.0,0,0.0,0.0
1.6076078414916992,0,speed,3,-17,15,0,0.0,0,0.0,0.0
1.6141510009765625,0,speed,3,-17,15,0,0.0,0,0.0,0.0
1.6194639205932617,0,speed,3,-17,15,0,0.0,0,0.0,0.0
1.6255619525909424,0,speed,3,-17,15,0,0.0,0,0.0,0.0
1.632101058959961,0,speed,3,-17,15,0,0.0,0,0.0,0.0
1.6387088298797607,0,speed,4,-16,15,0,0.0,0,0.0,0.0
1.6453649997711182,0,speed,4,-16,15,0,0.0,0,0.0,0.0
1.6519320011138916,0,speed,4,-16,15,0,0.0,0,0.0,0.0
1.657701015472412,0,speed,4,-16,15,0,0.0,0,0.0,0.0
1.663036823272705,0,speed,4,-16,15,0,0.0,0,0.0,0.0
1.669374942779541,0,speed,4,-16,15,0,0.0,0,0.0,0.0
1.6753580570220947,0,speed,4,-16,15,0,0.0,0,0.0,0.0
1.6807670593261719,0,speed,4,-16,15,0,0.0,0,0.0,0.0
1.6871118545532227,0,speed,4,-18,15,0,0.0,0,0.0,0.0
1.6923179626464844,0,speed,4,-18,15,0,0.0,0,0.0,0.0
1.6988649368286133,0,speed,4,-18,15,0,0.0,0,0.0,0.0
1.7054200172424316,0,speed,4,-18,15,0,0.0,0,0.0,0.0
1.7120330333709717,0,speed,4,-18,15,0,0.0,0,0.0,0.0
1.7185499668121338,0,speed,4,-18,15,0,0.0,0,0.0,0.0
1.7244319915771484,0,speed,4,-18,15,0,0.0,0,0.0,0.0
1.7308859825134277,0,speed,4,-18,15,0,0.0,0,0.0,0.0
1.7373340129852295,0,speed,4,-18,15,0,0.0,0,0.0,0.0
1.7438240051269531,0,speed,4,-18,15,0,0.0,0,0.0,0.0
1.7491960525512695,0,speed,4,-17,14,0,0.0,0,0.0,0.0
1.7553679943084717,0,speed,4,-17,14,0,0.0,0,0.0,0.0
1.7616569995880127,0,speed,4,-17,14,0,0.0,0,0.0,0.0
1.7683448791503906,0,speed,4,-17,14,0,0.0,0,0.0,0.0
1.7744338512420654,0,speed,4,-17,14,0,0.0,0,0.0,0.0
1.7812650203704834,0,speed,4,-17,14,0,0.0,0,0.0,0.0
1.78761887550354,0,speed,4,-17,14,0,0.0,0,0.0,0.0
1.7939438819885254,0,speed,4,-17,14,0,0.0,0,0.0,0.0
1.8003740310668945,0,speed,3,-17,14,0,0.0,0,0.0,0.0
1.8084869384765625,0,speed,3,-17,14,0,0.0,0,0.0,0.0
1.815119981765747,0,speed,3,-17,14,0,0.0,0,0.0,0.0
1.8217828273773193,0,speed,3,-17,14,0,0.0,0,0.0,0.0
1.828507900238037,0,speed,3,-17,14,0,0.0,0,0.0,0.0
1.835155963897705,0,speed,3,-17,14,0,0.0,0,0.0,0.0
1.8411519527435303,0,speed,3,-17,14,0,0.0,0,0.0,0.0
1.8477439880371094,0,speed,3,-17,14,0,0.0,0,0.0,0.0
1.854356050491333,0,speed,3,-17,14,0,0.0,0,0.0,0.0
1.861029863357544,0,speed,3,-18,14,0,0.0,0,0.0,0.0
1.868340015411377,0,speed,3,-18,14,0,0.0,0,0.0,0.0
1.8740110397338867,0,speed,3,-18,14,0,0.0,0,0.0,0.0
1.8796579837799072,0,speed,3,-18,14,0,0.0,0,0.0,0.0
1.8851380348205566,0,speed,3,-18,14,0,0.0,0,0.0,0.0
1.8916599750518799,0,speed,3,-18,14,0,0.0,0,0.0,0.0
1.898068904876709,0,speed,3,-18,14,0,0.0,0,0.0,0.0
1.9045250415802002,0,speed,3,-18,14,0,0.0,0,0.0,0.0
1.9107379913330078,0,speed,3,-17,14,0,0.0,0,0.0,0.0
1.9171628952026367,0,speed,3,-17,14,0,0.0,0,0.0,0.0
1.9229028224945068,0,speed,3,-17,14,0,0.0,0,0.0,0.0
1.929379940032959,0,speed,3,-17,14,0,0.0,0,0.0,0.0
1.9353349208831787,0,speed,3,-17,14,0,0.0,0,0.0,0.0
1.9415738582611084,0,speed,3,-17,14,0,0.0,0,0.0,0.0
1.9472558498382568,0,speed,3,-17,14,0,0.0,0,0.0,0.0
1.9534978866577148,0,speed,3,-17,14,0,0.0,0,0.0,0.0
1.958716869354248,0,speed,3,-17,14,0,0.0,0,0.0,0.0
1.9639630317687988,0,speed,3,-17,14,0,0.0,0,0.0,0.0
1.9702370166778564,0,speed,1,-16,14,0,0.0,0,0.0,0.0
1.978665828704834,0,speed,1,-16,14,0,0.0,0,0.0,0.0
1.9851648807525635,0,speed,1,-16,14,0,0.0,0,0.0,0.0
1.991178035736084,0,speed,1,-16,14,0,0.0,0,0.0,0.0
1.9976918697357178,0,speed,1,-16,14,0,0.0,0,0.0,0.0
2.0040788650512695,0,speed,1,-16,14,0,0.0,0,0.0,0.0
2.010499954223633,0,speed,1,-16,14,0,0.0,0,0.0,0.0
2.015955924987793,0,speed,4,-18,15,0,0.0,0,0.0,0.0
2.021169900894165,0,speed,4,-18,15,0,0.0,0,0.0,0.0
2.027695894241333,0,speed,4,-18,15,0,0.0,0,0.0,0.0
2.0343539714813232,0,speed,4,-18,15,0,0.0,0,0.0,0.0
2.0408928394317627,0,speed,4,-18,15,0,0.0,0,0.0,0.0
2.048382043838501,0,speed,4,-18,15,0,0.0,0,0.0,0.0
2.0549230575561523,0,speed,4,-18,15,0,0.0,0,0.0,0.0
2.0603058338165283,0,speed,4,-18,15,0,0.0,0,0.0,0.0
2.066694974899292,0,speed,4,-18,15,0,0.0,0,0.0,0.0
2.0731208324432373,0,speed,4,-18,15,0,0.0,0,0.0,0.0
2.078613042831421,0,speed,3,-18,14,0,0.0,0,0.0,0.0
2.0850939750671387,0,speed,3,-18,14,0,0.0,0,0.0,0.0
2.0911428928375244,0,speed,3,-18,14,0,0.0,0,0.0,0.0
2.098304033279419,0,speed,3,-18,14,0,0.0,0,0.0,0.0
2.1041150093078613,0,speed,3,-18,14,0,0.0,0,0.0,0.0
2.110477924346924,0,speed,3,-18,14,0,0.0,0,0.0,0.0
2.1168558597564697,0,speed,3,-18,14,0,0.0,0,0.0,0.0
2.12201189994812,0,speed,3,-18,14,0,0.0,0,0.0,0.0
2.1272330284118652,0,speed,4,-18,14,0,0.0,0,0.0,0.0
2.1323258876800537,0,speed,4,-18,14,0,0.0,0,0.0,0.0
2.1386220455169678,0,speed,4,-18,14,0,0.0,0,0.0,0.0
2.143872022628784,0,speed,4,-18,14,0,0.0,0,0.0,0.0
2.1502468585968018,0,speed,4,-18,14,0,0.0,0,0.0,0.0
2.155529022216797,0,speed,4,-18,14,0,0.0,0,0.0,0.0
2.1619949340820312,0,speed,4,-18,14,0,0.0,0,0.0,0.0
2.1684420108795166,0,speed,4,-18,14,0,0.0,0,0.0,0.0
2.1745400428771973,0,speed,4,-18,14,0,0.0,0,0.0,0.0
2.1809518337249756,0,speed,4,-18,14,0,0.0,0,0.0,0.0
2.187397003173828,0,speed,4,-17,15,0,0.0,0,0.0,0.0
2.193100929260254,0,speed,4,-17,15,0,0.0,0,0.0,0.0
2.1995480060577393,0,speed,4,-17,15,0,0.0,0,0.0,0.0
2.205307960510254,0,speed,4,-17,15,0,0.0,0,0.0,0.0
2.211760997772217,0,speed,4,-17,15,0,0.0,0,0.0,0.0
2.218204975128174,0,speed,4,-17,15,0,0.0,0,0.0,0.0
2.2244699001312256,0,speed,4,-17,15,0,0.0,0,0.0,0.0
2.2309038639068604,0,speed,4,-17,15,0,0.0,0,0.0,0.0
2.2363510131835938,0,speed,3,-19,13,0,0.0,0,0.0,0.0
2.2420148849487305,0,speed,3,-19,13,0,0.0,0,0.0,0.0
2.2486250400543213,0,speed,3,-19,13,0,0.0,0,0.0,0.0
2.2552168369293213,0,speed,3,-19,13,0,0.0,0,0.0,0.0
2.261775016784668,0,speed,3,-19,13,0,0.0,0,0.0,0.0
2.2682719230651855,0,speed,3,-19,13,0,0.0,0,0.0,0.0
2.2746920585632324,0,speed,3,-19,13,0,0.0,0,0.0,0.0
2.280194044113159,0,speed,3,-19,13,0,0.0,0,0.0,0.0
2.2866249084472656,0,speed,3,-19,13,0,0.0,0,0.0,0.0
2.292130947113037,0,speed,3,-19,13,0,0.0,0,0.0,0.0
2.2985358238220215,0,speed,4,-19,15,0,0.0,0,0.0,0.0
2.3049778938293457,0,speed,4,-19,15,0,0.0,0,0.0,0.0
2.3105008602142334,0,speed,4,-19,15,0,0.0,0,0.0,0.0
2.3171329498291016,0,speed,4,-19,15,0,0.0,0,0.0,0.0
2.3235809803009033,0,speed,4,-19,15,0,0.0,0,0.0,0.0
2.330016851425171,0,speed,4,-19,15,0,0.0,0,0.0,0.0
2.3352880477905273,0,speed,4,-19,15,0,0.0,0,0.0,0.0
2.341048002243042,0,speed,4,-19,15,0,0.0,0,0.0,0.0
2.347489833831787,0,speed,4,-19,15,0,0.0,0,0.0,0.0
2.353307008743286,0,speed,4,-19,15,0,0.0,0,0.0,0.0
2.358896017074585,0,speed,3,-16,14,0,0.0,0,0.0,0.0
2.3641698360443115,0,speed,3,-16,14,0,0.0,0,0.0,0.0
2.370292901992798,0,speed,3,-16,14,0,0.0,0,0.0,0.0
2.378293037414551,0,speed,3,-16,14,0,0.0,0,0.0,0.0
2.3847599029541016,0,speed,3,-16,14,0,0.0,0,0.0,0.0
2.3906848430633545,0,speed,3,-16,14,0,0.0,0,0.0,0.0
2.39603590965271,0,speed,3,-16,14,0,0.0,0,0.0,0.0
2.402601957321167,0,speed,3,-16,14,0,0.0,0,0.0,0.0
2.407742977142334,0,speed,4,-17,14,0,0.0,0,0.0,0.0
2.413053035736084,0,speed,4,-17,14,0,0.0,0,0.0,0.0
2.419386863708496,0,speed,4,-17,14,0,0.0,0,0.0,0.0
2.425433874130249,0,speed,4,-17,14,0,0.0,0,0.0,0.0
2.4317920207977295,0,speed,4,-17,14,0,0.0,0,0.0,0.0
2.4382898807525635,0,speed,4,-17,14,0,0.0,0,0.0,0.0
2.4448769092559814,0,speed,4,-17,14,0,0.0,0,0.0,0.0
2.4500789642333984,0,speed,4,-17,14,0,0.0,0,0.0,0.0
2.4555089473724365,0,speed,4,-17,14,0,0.0,0,0.0,0.0
2.4619128704071045,0,speed,4,-17,14,0,0.0,0,0.0,0.0
2.4682350158691406,0,speed,3,-19,14,0,0.0,0,0.0,0.0
2.474864959716797,0,speed,3,-19,14,0,0.0,0,0.0,0.0
2.4801669120788574,0,speed,3,-19,14,0,0.0,0,0.0,0.0
2.4882218837738037,0,speed,3,-19,14,0,0.0,0,0.0,0.0
2.4946000576019287,0,speed,3,-19,14,0,0.0,0,0.0,0.0
2.501728057861328,0,speed,3,-19,14,0,0.0,0,0.0,0.0
2.5081679821014404,0,speed,3,-19,14,0,0.0,0,0.0,0.0
2.5134758949279785,0,speed,3,-19,14,0,0.0,0,0.0,0.0
2.519458055496216,0,speed,5,-16,16,0,0.0,0,0.0,0.0
2.5258829593658447,0,speed,5,-16,16,0,0.0,0,0.0,0.0
2.532418966293335,0,speed,5,-16,16,0,0.0,0,0.0,0.0
2.538015842437744,0,speed,5,-16,16,0,0.0,0,0.0,0.0
2.544468879699707,0,speed,5,-16,16,0,0.0,0,0.0,0.0
2.5509109497070312,0,speed,5,-16,16,0,0.0,0,0.0,0.0
2.5583889484405518,0,speed,5,-16,16,0,0.0,0,0.0,0.0
2.564880847930908,0,speed,5,-16,16,0,0.0,0,0.0,0.0
2.5713369846343994,0,speed,5,-16,16,0,0.0,0,0.0,0.0
2.577772855758667,0,speed,3,-16,14,0,0.0,0,0.0,0.0
2.584195852279663,0,speed,3,-16,14,0,0.0,0,0.0,0.0
2.5902929306030273,0,speed,3,-16,14,0,0.0,0,0.0,0.0
2.5973119735717773,0,speed,3,-16,14,0,0.0,0,0.0,0.0
2.6037209033966064,0,speed,3,-16,14,0,0.0,0,0.0,0.0
2.609189033508301,0,speed,3,-16,14,0,0.0,0,0.0,0.0
2.6152029037475586,0,speed,3,-16,14,0,0.0,0,0.0,0.0
2.620652914047241,0,speed,3,-16,14,0,0.0,0,0.0,0.0
2.6271119117736816,0,speed,4,-17,14,0,0.0,0,0.0,0.0
2.6334550380706787,0,speed,4,-17,14,0,0.0,0,0.0,0.0
2.6397979259490967,0,speed,4,-17,14,0,0.0,0,0.0,0.0
2.645732879638672,0,speed,4,-17,14,0,0.0,0,0.0,0.0
2.6523959636688232,0,speed,4,-17,14,0,0.0,0,0.0,0.0
2.658329963684082,0,speed,4,-17,14,0,0.0,0,0.0,0.0
2.664283037185669,0,speed,4,-17,14,0,0.0,0,0.0,0.0
2.6709229946136475,0,speed,4,-17,14,0,0.0,0,0.0,0.0
2.6774659156799316,0,speed,4,-17,14,0,0.0,0,0.0,0.0
2.6826839447021484,0,speed,4,-17,14,0,0.0,0,0.0,0.0
2.6890950202941895,0,speed,4,-19,14,0,0.0,0,0.0,0.0
2.695866823196411,0,speed,4,-19,14,0,0.0,0,0.0,0.0
2.7012858390808105,0,speed,4,-19,14,0,0.0,0,0.0,0.0
2.707365036010742,0,speed,4,-19,14,0,0.0,0,0.0,0.0
2.712453842163086,0,speed,4,-19,14,0,0.0,0,0.0,0.0
2.7188868522644043,0,speed,4,-19,14,0,0.0,0,0.0,0.0
2.724472999572754,0,speed,4,-19,14,0,0.0,0,0.0,0.0
2.7308809757232666,0,speed,4,-19,14,0,0.0,0,0.0,0.0
2.7373549938201904,0,speed,4,-19,14,0,0.0,0,0.0,0.0
2.7436089515686035,0,speed,4,-19,14,0,0.0,0,0.0,0.0
2.7498698234558105,0,speed,4,-17,14,0,0.0,0,0.0,0.0
2.755388021469116,0,speed,4,-17,14,0,0.0,0,0.0,0.0
2.7605390548706055,0,speed,4,-17,14,0,0.0,0,0.0,0.0
2.767345905303955,0,speed,4,-17,14,0,0.0,0,0.0,0.0
2.7737438678741455,0,speed,4,-17,14,0,0.0,0,0.0,0.0
2.778904914855957,0,speed,4,-17,14,0,0.0,0,0.0,0.0
2.7855679988861084,0,speed,4,-17,14,0,0.0,0,0.0,0.0
2.7911789417266846,0,speed,4,-17,14,0,0.0,0,0.0,0.0
2.7975988388061523,0,speed,3,-17,15,0,0.0,0,0.0,0.0
2.804158926010132,0,speed,3,-17,15,0,0.0,0,0.0,0.0
2.8107168674468994,0,speed,3,-17,15,0,0.0,0,0.0,0.0
2.8172030448913574,0,speed,3,-17,15,0,0.0,0,0.0,0.0
2.8228609561920166,0,speed,3,-17,15,0,0.0,0,0.0,0.0
2.829493999481201,0,speed,3,-17,15,0,0.0,0,0.0,0.0
2.8355789184570312,0,speed,3,-17,15,0,0.0,0,0.0,0.0
2.841035842895508,0,speed,3,-17,15,0,0.0,0,0.0,0.0
2.8476369380950928,0,speed,3,-17,15,0,0.0,0,0.0,0.0
2.85427188873291,0,speed,3,-17,15,0,0.0,0,0.0,0.0
2.8608129024505615,0,speed,2,-16,14,0,0.0,0,0.0,0.0
2.866204023361206,0,speed,2,-16,14,0,0.0,0,0.0,0.0
2.872791051864624,0,speed,2,-16,14,0,0.0,0,0.0,0.0
2.8805348873138428,0,speed,2,-16,14,0,0.0,0,0.0,0.0
2.8857178688049316,0,speed,2,-16,14,0,0.0,0,0.0,0.0
2.892258882522583,0,speed,2,-16,14,0,0.0,0,0.0,0.0
2.898800849914551,0,speed,2,-16,14,0,0.0,0,0.0,0.0
2.9049370288848877,0,speed,2,-16,14,0,0.0,0,0.0,0.0
2.9113879203796387,0,speed,3,-17,14,0,0.0,0,0.0,0.0
2.916968822479248,0,speed,3,-17,14,0,0.0,0,0.0,0.0
2.923346996307373,0,speed,3,-17,14,0,0.0,0,0.0,0.0
2.9297499656677246,0,speed,3,-17,14,0,0.0,0,0.0,0.0
2.9352550506591797,0,speed,3,-17,14,0,0.0,0,0.0,0.0
2.9410319328308105,0,speed,3,-17,14,0,0.0,0,0.0,0.0
2.946652889251709,0,speed,3,-17,14,0,0.0,0,0.0,0.0
2.95306396484375,0,speed,3,-17,14,0,0.0,0,0.0,0.0
2.9587528705596924,0,speed,3,-17,14,0,0.0,0,0.0,0.0
2.965265989303589,0,speed,3,-17,14,0,0.0,0,0.0,0.0
2.97182297706604,0,speed,3,-17,15,0,0.0,0,0.0,0.0
2.9776480197906494,0,speed,3,-17,15,0,0.0,0,0.0,0.0
2.9832258224487305,0,speed,3,-17,15,0,0.0,0,0.0,0.0
2.989604949951172,0,speed,3,-17,15,0,0.0,0,0.0,0.0
2.995365858078003,0,speed,3,-17,15,0,0.0,0,0.0,0.0
3.000584840774536,0,speed,3,-17,15,0,0.0,0,0.0,0.0
3.0059099197387695,0,speed,3,-17,15,0,0.0,0,0.0,0.0
3.0116729736328125,0,speed,3,-17,15,0,0.0,0,0.0,0.0
3.0172879695892334,0,speed,2,-17,14,0,0.0,0,0.0,0.0
3.023603916168213,0,speed,2,-17,14,0,0.0,0,0.0,0.0
3.0303049087524414,0,speed,2,-17,14,0,0.0,0,0.0,0.0
3.0364789962768555,0,speed,2,-17,14,0,0.0,0,0.0,0.0
3.0422680377960205,0,speed,2,-17,14,0,0.0,0,0.0,0.0
3.0486340522766113,0,speed,2,-17,14,0,0.0,0,0.0,0.0
3.0552608966827393,0,speed,2,-17,14,0,0.0,0,0.0,0.0
3.061638832092285,0,speed,2,-17,14,0,0.0,0,0.0,0.0
3.0680580139160156,0,speed,2,-17,14,0,0.0,0,0.0,0.0
3.0733749866485596,0,speed,2,-17,14,0,0.0,0,0.0,0.0
3.079767942428589,0,speed,3,-18,14,0,0.0,0,0.0,0.0
3.085278034210205,0,speed,3,-18,14,0,0.0,0,0.0,0.0
3.0913169384002686,0,speed,3,-18,14,0,0.0,0,0.0,0.0
3.0982608795166016,0,speed,3,-18,14,0,0.0,0,0.0,0.0
3.104895830154419,0,speed,3,-18,14,0,0.0,0,0.0,0.0
3.110084056854248,0,speed,3,-18,14,0,0.0,0,0.0,0.0
3.1159310340881348,0,speed,3,-18,14,0,0.0,0,0.0,0.0
3.121781826019287,0,speed,3,-18,14,0,0.0,0,0.0,0.0
3.1274750232696533,0,speed,3,-18,14,0,0.0,0,0.0,0.0
3.1338448524475098,0,speed,3,-18,14,0,0.0,0,0.0,0.0
3.1401798725128174,0,speed,3,-18,14,0,0.0,0,0.0,0.0
3.146038055419922,0,speed,3,-18,14,0,0.0,0,0.0,0.0
3.1524720191955566,0,speed,3,-18,14,0,0.0,0,0.0,0.0
3.1579439640045166,0,speed,3,-18,14,0,0.0,0,0.0,0.0
3.1645150184631348,0,speed,3,-18,14,0,0.0,0,0.0,0.0
3.170902967453003,0,speed,3,-18,14,0,0.0,0,0.0,0.0
3.1774630546569824,0,speed,3,-18,14,0,0.0,0,0.0,0.0
3.183910846710205,0,speed,3,-18,14,0,0.0,0,0.0,0.0
3.19035005569458,0,speed,4,-16,14,0,0.0,0,0.0,0.0
3.198185920715332,0,speed,4,-16,14,0,0.0,0,0.0,0.0
3.204481840133667,0,speed,4,-16,14,0,0.0,0,0.0,0.0
3.2109649181365967,0,speed,4,-16,14,0,0.0,0,0.0,0.0
3.218266010284424,0,speed,4,-16,14,0,0.0,0,0.0,0.0
3.2246029376983643,0,speed,4,-16,14,0,0.0,0,0.0,0.0
3.231050968170166,0,speed,4,-16,14,0,0.0,0,0.0,0.0
3.2374908924102783,0,speed,4,-16,14,0,0.0,0,0.0,0.0
3.2439329624176025,0,speed,4,-16,14,0,0.0,0,0.0,0.0
3.2503559589385986,0,speed,4,-17,14,0,0.0,0,0.0,0.0
3.258307933807373,0,speed,4,-17,14,0,0.0,0,0.0,0.0
3.264724016189575,0,speed,4,-17,14,0,0.0,0,0.0,0.0
3.271146059036255,0,speed,4,-17,14,0,0.0,0,0.0,0.0
3.2777838706970215,0,speed,4,-17,14,0,0.0,0,0.0,0.0
3.2843239307403564,0,speed,4,-17,14,0,0.0,0,0.0,0.0
3.289655923843384,0,speed,4,-17,14,0,0.0,0,0.0,0.0
3.2954659461975098,0,speed,4,-17,14,0,0.0,0,0.0,0.0
3.301053047180176,0,speed,3,-17,15,0,0.0,0,0.0,0.0
3.3083629608154297,0,speed,3,-17,15,0,0.0,0,0.0,0.0
3.313973903656006,0,speed,3,-17,15,0,0.0,0,0.0,0.0
3.3205668926239014,0,speed,3,-17,15,0,0.0,0,0.0,0.0
3.3288769721984863,0,speed,3,-17,15,0,0.0,0,0.0,0.0
3.3343188762664795,0,speed,3,-17,15,0,0.0,0,0.0,0.0
3.340764045715332,0,speed,3,-17,15,0,0.0,0,0.0,0.0
3.347291946411133,0,speed,3,-17,15,0,0.0,0,0.0,0.0
3.352872848510742,0,speed,3,-17,15,0,0.0,0,0.0,0.0
3.35898494720459,0,speed,3,-18,14,0,0.0,0,0.0,0.0
3.3654680252075195,0,speed,3,-18,14,0,0.0,0,0.0,0.0
3.370758056640625,0,speed,3,-18,14,0,0.0,0,0.0,0.0
3.378262996673584,0,speed,3,-18,14,0,0.0,0,0.0,0.0
3.3841969966888428,0,speed,3,-18,14,0,0.0,0,0.0,0.0
3.390511989593506,0,speed,3,-18,14,0,0.0,0,0.0,0.0
3.396915912628174,0,speed,3,-18,14,0,0.0,0,0.0,0.0
3.403311014175415,0,speed,3,-18,14,0,0.0,0,0.0,0.0
3.409792900085449,0,speed,4,-16,14,0,0.0,0,0.0,0.0
3.415415048599243,0,speed,4,-16,14,0,0.0,0,0.0,0.0
3.421067953109741,0,speed,4,-16,14,0,0.0,0,0.0,0.0
3.42626690864563,0,speed,4,-16,14,0,0.0,0,0.0,0.0
3.431447982788086,0,speed,4,-16,14,0,0.0,0,0.0,0.0
3.4373159408569336,0,speed,4,-16,14,0,0.0,0,0.0,0.0
3.442821979522705,0,speed,4,-16,14,0,0.0,0,0.0,0.0
3.44820499420166,0,speed,4,-16,14,0,0.0,0,0.0,0.0
3.4533019065856934,0,speed,4,-16,14,0,0.0,0,0.0,0.0
3.4592678546905518,0,speed,4,-16,14,0,0.0,0,0.0,0.0
3.4656829833984375,0,speed,4,-16,15,0,0.0,0,0.0,0.0
3.4722769260406494,0,speed,4,-16,15,0,0.0,0,0.0,0.0
3.4790828227996826,0,speed,4,-16,15,0,0.0,0,0.0,0.0
3.4854319095611572,0,speed,4,-16,15,0,0.0,0,0.0,0.0
3.4914159774780273,0,speed,4,-16,15,0,0.0,0,0.0,0.0
3.497983932495117,0,speed,4,-16,15,0,0.0,0,0.0,0.0
3.504443883895874,0,speed,4,-16,15,0,0.0,0,0.0,0.0
3.510823965072632,0,speed,4,-16,15,0,0.0,0,0.0,0.0
3.5173728466033936,0,speed,3,-17,15,0,0.0,0,0.0,0.0
3.5239479541778564,0,speed,3,-17,15,0,0.0,0,0.0,0.0
3.530505895614624,0,speed,3,-17,15,0,0.0,0,0.0,0.0
3.5368449687957764,0,speed,3,-17,15,0,0.0,0,0.0,0.0
3.542773962020874,0,speed,3,-17,15,0,0.0,0,0.0,0.0
3.5480329990386963,0,speed,3,-17,15,0,0.0,0,0.0,0.0
3.553280830383301,0,speed,3,-17,15,0,0.0,0,0.0,0.0
3.5590100288391113,0,speed,3,-17,15,0,0.0,0,0.0,0.0
3.5656378269195557,0,speed,3,-17,15,0,0.0,0,0.0,0.0
3.5720620155334473,0,speed,3,-17,15,0,0.0,0,0.0,0.0
3.578434944152832,0,speed,3,-17,14,0,0.0,0,0.0,0.0
3.584918975830078,0,speed,3,-17,14,0,0.0,0,0.0,0.0
3.591341018676758,0,speed,3,-17,14,0,0.0,0,0.0,0.0
3.59791898727417,0,speed,3,-17,14,0,0.0,0,0.0,0.0
3.604374885559082,0,speed,3,-17,14,0,0.0,0,0.0,0.0
3.61083984375,0,speed,3,-17,14,0,0.0,0,0.0,0.0
3.617276906967163,0,speed,3,-17,14,0,0.0,0,0.0,0.0
3.6230499744415283,0,speed,3,-17,14,0,0.0,0,0.0,0.0
3.6295218467712402,0,speed,3,-17,14,0,0.0,0,0.0,0.0
3.634809970855713,0,speed,3,-17,14,0,0.0,0,0.0,0.0
3.6409308910369873,0,speed,3,-16,14,0,0.0,0,0.0,0.0
3.6481950283050537,0,speed,3,-16,14,0,0.0,0,0.0,0.0
3.6536738872528076,0,speed,3,-16,14,0,0.0,0,0.0,0.0
3.660191059112549,0,speed,3,-16,14,0,0.0,0,0.0,0.0
3.665505886077881,0,speed,3,-16,14,0,0.0,0,0.0,0.0
3.6716949939727783,0,speed,3,-16,14,0,0.0,0,0.0,0.0
3.678032875061035,0,speed,3,-16,14,0,0.0,0,0.0,0.0
3.6845219135284424,0,speed,3,-16,14,0,0.0,0,0.0,0.0
3.691166877746582,0,speed,2,-16,15,0,0.0,0,0.0,0.0
3.6984639167785645,0,speed,2,-16,15,0,0.0,0,0.0,0.0
3.7051010131835938,0,speed,2,-16,15,0,0.0,0,0.0,0.0
3.711352825164795,0,speed,2,-16,15,0,0.0,0,0.0,0.0
3.718371868133545,0,speed,2,-16,15,0,0.0,0,0.0,0.0
3.7248289585113525,0,speed,2,-16,15,0,0.0,0,0.0,0.0
3.7302768230438232,0,speed,2,-16,15,0,0.0,0,0.0,0.0
3.7357919216156006,0,speed,2,-16,15,0,0.0,0,0.0,0.0
3.7420709133148193,0,speed,2,-16,15,0,0.0,0,0.0,0.0
3.748466968536377,0,speed,3,-18,14,0,0.0,0,0.0,0.0
3.7538938522338867,0,speed,3,-18,14,0,0.0,0,0.0,0.0
3.7595489025115967,0,speed,3,-18,14,0,0.0,0,0.0,0.0
3.7652478218078613,0,speed,3,-18,14,0,0.0,0,0.0,0.0
3.7707409858703613,0,speed,3,-18,14,0,0.0,0,0.0,0.0
3.7768850326538086,0,speed,3,-18,14,0,0.0,0,0.0,0.0
3.7834279537200928,0,speed,3,-18,14,0,0.0,0,0.0,0.0
3.789984941482544,0,speed,3,-18,14,0,0.0,0,0.0,0.0
3.7952499389648438,0,speed,3,-18,14,0,0.0,0,0.0,0.0
3.8016719818115234,0,speed,4,-18,14,0,0.0,0,0.0,0.0
3.808295965194702,0,speed,4,-18,14,0,0.0,0,0.0,0.0
3.814460039138794,0,speed,4,-18,14,0,0.0,0,0.0,0.0
3.820762872695923,0,speed,4,-18,14,0,0.0,0,0.0,0.0
3.8283090591430664,0,speed,4,-18,14,0,0.0,0,0.0,0.0
3.83476185798645,0,speed,4,-18,14,0,0.0,0,0.0,0.0
3.841352939605713,0,speed,4,-18,14,0,0.0,0,0.0,0.0
3.847656011581421,0,speed,4,-18,14,0,0.0,0,0.0,0.0
3.8541078567504883,0,speed,4,-18,14,0,0.0,0,0.0,0.0
3.8605549335479736,0,speed,3,-18,14,0,0.0,0,0.0,0.0
3.868875026702881,0,speed,3,-18,14,0,0.0,0,0.0,0.0
3.8748278617858887,0,speed,3,-18,14,0,0.0,0,0.0,0.0
3.8814148902893066,0,speed,3,-18,14,0,0.0,0,0.0,0.0
3.888056993484497,0,speed,3,-18,14,0,0.0,0,0.0,0.0
3.8946938514709473,0,speed,3,-18,14,0,0.0,0,0.0,0.0
3.9013278484344482,0,speed,3,-18,14,0,0.0,0,0.0,0.0
3.9078328609466553,0,speed,4,-18,14,0,0.0,0,0.0,0.0
3.914425849914551,0,speed,4,-18,14,0,0.0,0,0.0,0.0
3.9210610389709473,0,speed,4,-18,14,0,0.0,0,0.0,0.0
3.9277050495147705,0,speed,4,-18,14,0,0.0,0,0.0,0.0
3.9343068599700928,0,speed,4,-18,14,0,0.0,0,0.0,0.0
3.940155029296875,0,speed,4,-18,14,0,0.0,0,0.0,0.0
3.9456539154052734,0,speed,4,-18,14,0,0.0,0,0.0,0.0
3.952040910720825,0,speed,4,-18,14,0,0.0,0,0.0,0.0
3.9572770595550537,0,speed,4,-18,14,0,0.0,0,0.0,0.0
3.962448835372925,0,speed,4,-18,14,0,0.0,0,0.0,0.0
3.9679269790649414,0,speed,3,-18,14,0,0.0,0,0.0,0.0
3.9735989570617676,0,speed,3,-18,14,0,0.0,0,0.0,0.0
3.979933023452759,0,speed,3,-18,14,0,0.0,0,0.0,0.0
3.9852869510650635,0,speed,3,-18,14,0,0.0,0,0.0,0.0
3.991396903991699,0,speed,3,-18,14,0,0.0,0,0.0,0.0
3.997771978378296,0,speed,3,-18,14,0,0.0,0,0.0,0.0
4.004093885421753,0,speed,3,-18,14,0,0.0,0,0.0,0.0
4.010472059249878,0,speed,3,-18,14,0,0.0,0,0.0,0.0
4.01689600944519,0,speed,4,-16,14,0,0.0,0,0.0,0.0
4.023437023162842,0,speed,4,-16,14,0,0.0,0,0.0,0.0
4.029860973358154,0,speed,4,-16,14,0,0.0,0,0.0,0.0
4.036383867263794,0,speed,4,-16,14,0,0.0,0,0.0,0.0
4.0428009033203125,0,speed,4,-16,14,0,0.0,0,0.0,0.0
4.048401832580566,0,speed,4,-16,14,0,0.0,0,0.0,0.0
4.053678035736084,0,speed,4,-16,14,0,0.0,0,0.0,0.0
4.059332847595215,0,speed,4,-16,14,0,0.0,0,0.0,0.0
4.065875053405762,0,speed,4,-16,14,0,0.0,0,0.0,0.0
4.072427988052368,0,speed,4,-16,14,0,0.0,0,0.0,0.0
4.0780029296875,0,speed,3,-17,14,0,0.0,0,0.0,0.0
4.083312034606934,0,speed,3,-17,14,0,0.0,0,0.0,0.0
4.089629888534546,0,speed,3,-17,14,0,0.0,0,0.0,0.0
4.095650911331177,0,speed,3,-17,14,0,0.0,0,0.0,0.0
4.101147890090942,0,speed,3,-17,14,0,0.0,0,0.0,0.0
4.107697010040283,0,speed,3,-17,14,0,0.0,0,0.0,0.0
4.114294052124023,0,speed,3,-17,14,0,0.0,0,0.0,0.0
4.120934009552002,0,speed,3,-17,14,0,0.0,0,0.0,0.0
4.127578020095825,0,speed,3,-17,14,0,0.0,0,0.0,0.0
4.133903980255127,0,speed,3,-17,14,0,0.0,0,0.0,0.0
4.140283823013306,0,speed,3,-17,14,0,0.0,0,0.0,0.0
4.147794961929321,0,speed,3,-17,14,0,0.0,0,0.0,0.0
4.1536948680877686,0,speed,3,-17,14,0,0.0,0,0.0,0.0
4.158905029296875,0,speed,3,-17,14,0,0.0,0,0.0,0.0
4.165309906005859,0,speed,3,-17,14,0,0.0,0,0.0,0.0
4.1717610359191895,0,speed,3,-17,14,0,0.0,0,0.0,0.0
4.176982879638672,0,speed,3,-17,14,0,0.0,0,0.0,0.0
4.183194875717163,0,speed,3,-17,14,0,0.0,0,0.0,0.0
4.189626932144165,0,speed,3,-17,14,0,0.0,0,0.0,0.0
4.1960978507995605,0,speed,3,-17,14,0,0.0,0,0.0,0.0
4.201997995376587,0,speed,3,-17,14,0,0.0,0,0.0,0.0
4.20747184753418,0,speed,3,-17,14,0,0.0,0,0.0,0.0
4.213512897491455,0,speed,3,-17,14,0,0.0,0,0.0,0.0
4.2186808586120605,0,speed,3,-17,14,0,0.0,0,0.0,0.0
4.225204944610596,0,speed,3,-17,14,0,0.0,0,0.0,0.0
4.23167085647583,0,speed,3,-17,14,0,0.0,0,0.0,0.0
4.238101959228516,0,speed,3,-17,14,0,0.0,0,0.0,0.0
4.244534969329834,0,speed,3,-17,14,0,0.0,0,0.0,0.0
4.250936031341553,0,speed,3,-17,14,0,0.0,0,0.0,0.0
4.257014989852905,0,speed,3,-17,14,0,0.0,0,0.0,0.0
4.263244867324829,0,speed,3,-17,14,0,0.0,0,0.0,0.0
4.269745826721191,0,speed,3,-17,14,0,0.0,0,0.0,0.0
4.276252031326294,0,speed,3,-17,14,0,0.0,0,0.0,0.0
4.282690048217773,0,speed,3,-17,14,0,0.0,0,0.0,0.0
4.2889440059661865,0,speed,3,-17,14,0,0.0,0,0.0,0.0
4.2952868938446045,0,speed,3,-17,14,0,0.0,0,0.0,0.0
4.30168890953064,0,speed,3,-17,14,0,0.0,0,0.0,0.0
4.30820894241333,0,speed,3,-17,14,0,0.0,0,0.0,0.0
4.314648866653442,0,speed,3,-17,14,0,0.0,0,0.0,0.0
4.319782018661499,0,speed,3,-17,14,0,0.0,0,0.0,0.0
4.326199054718018,0,speed,3,-17,14,0,0.0,0,0.0,0.0
4.332701921463013,0,speed,3,-17,14,0,0.0,0,0.0,0.0
4.338769912719727,0,speed,3,-17,14,0,0.0,0,0.0,0.0
4.344257831573486,0,speed,3,-17,14,0,0.0,0,0.0,0.0
4.350802898406982,0,speed,3,-17,14,0,0.0,0,0.0,0.0
4.357338905334473,0,speed,3,-17,14,0,0.0,0,0.0,0.0
4.363781929016113,0,speed,3,-17,14,0,0.0,0,0.0,0.0
4.36962890625,0,speed,3,-17,14,0,0.0,0,0.0,0.0
4.375063896179199,0,speed,3,-17,14,0,0.0,0,0.0,0.0
4.381489992141724,0,speed,3,-17,14,0,0.0,0,0.0,0.0
4.387109041213989,0,speed,3,-17,14,0,0.0,0,0.0,0.0
4.392570972442627,0,speed,3,-17,14,0,0.0,0,0.0,0.0
4.399030923843384,0,speed,3,-17,14,0,0.0,0,0.0,0.0
4.40435004234314,0,speed,3,-17,14,0,0.0,0,0.0,0.0
4.409798860549927,0,speed,3,-17,14,0,0.0,0,0.0,0.0
4.416399002075195,0,speed,3,-17,14,0,0.0,0,0.0,0.0
4.422183036804199,0,speed,3,-17,14,0,0.0,0,0.0,0.0
4.427923917770386,0,speed,3,-17,14,0,0.0,0,0.0,0.0
4.434453964233398,0,speed,3,-17,14,0,0.0,0,0.0,0.0
4.440760850906372,0,speed,3,-17,14,0,0.0,0,0.0,0.0
4.4460320472717285,0,speed,3,-17,14,0,0.0,0,0.0,0.0
4.452390909194946,0,speed,3,-17,14,0,0.0,0,0.0,0.0
4.4580559730529785,0,speed,3,-17,14,0,0.0,0,0.0,0.0
4.464385032653809,0,speed,3,-17,14,0,0.0,0,0.0,0.0
4.470927000045776,0,speed,3,-17,14,0,0.0,0,0.0,0.0
4.477587938308716,0,speed,3,-17,14,0,0.0,0,0.0,0.0
4.483553886413574,0,speed,3,-17,14,0,0.0,0,0.0,0.0
4.489974021911621,0,speed,3,-17,14,0,0.0,0,0.0,0.0
4.496476888656616,0,speed,3,-17,14,0,0.0,0,0.0,0.0
4.50272798538208,0,speed,3,-17,14,0,0.0,0,0.0,0.0
4.508103847503662,0,speed,3,-17,14,0,0.0,0,0.0,0.0
4.514667987823486,0,speed,3,-17,14,0,0.0,0,0.0,0.0
4.52114200592041,0,speed,3,-17,14,0,0.0,0,0.0,0.0
4.52764892578125,0,speed,3,-17,14,0,0.0,0,0.0,0.0
4.534183979034424,0,speed,3,-17,14,0,0.0,0,0.0,0.0
4.540719985961914,0,speed,3,-17,14,0,0.0,0,0.0,0.0
4.54725193977356,0,speed,3,-17,14,0,0.0,0,0.0,0.0
4.552876949310303,0,speed,3,-17,14,0,0.0,0,0.0,0.0
4.559324026107788,0,speed,3,-17,14,0,0.0,0,0.0,0.0
4.565954923629761,0,speed,3,-17,14,0,0.0,0,0.0,0.0
4.571408033370972,0,speed,3,-17,14,0,0.0,0,0.0,0.0
4.576591968536377,0,speed,3,-17,14,0,0.0,0,0.0,0.0
4.582146883010864,0,speed,3,-17,14,0,0.0,0,0.0,0.0
4.588675022125244,0,speed,3,-17,14,0,0.0,0,0.0,0.0
4.594645023345947,0,speed,3,-17,14,0,0.0,0,0.0,0.0
4.601313829421997,0,speed,3,-17,14,0,0.0,0,0.0,0.0
4.606583833694458,0,speed,3,-17,14,0,0.0,0,0.0,0.0
4.61208701133728,0,speed,3,-17,14,0,0.0,0,0.0,0.0
4.618545055389404,0,speed,3,-17,14,0,0.0,0,0.0,0.0
4.624987840652466,0,speed,3,-17,14,0,0.0,0,0.0,0.0
4.631458044052124,0,speed,3,-17,14,0,0.0,0,0.0,0.0
4.63720703125,0,speed,3,-17,14,0,0.0,0,0.0,0.0
4.643646001815796,0,speed,3,-17,14,0,0.0,0,0.0,0.0
4.650017023086548,0,speed,3,-17,14,0,0.0,0,0.0,0.0
4.6552510261535645,0,speed,3,-17,14,0,0.0,0,0.0,0.0
4.660444021224976,0,speed,3,-17,14,0,0.0,0,0.0,0.0
4.666693925857544,0,speed,3,-17,14,0,0.0,0,0.0,0.0
4.671931982040405,0,speed,3,-17,14,0,0.0,0,0.0,0.0
4.678195953369141,0,speed,3,-17,14,0,0.0,0,0.0,0.0
4.684629917144775,0,speed,3,-17,14,0,0.0,0,0.0,0.0
4.691143989562988,0,speed,3,-17,14,0,0.0,0,0.0,0.0
4.697301864624023,0,speed,3,-17,14,0,0.0,0,0.0,0.0
4.702724933624268,0,speed,3,-17,14,0,0.0,0,0.0,0.0
4.709303855895996,0,speed,3,-17,14,0,0.0,0,0.0,0.0
4.715925931930542,0,speed,3,-17,14,0,0.0,0,0.0,0.0
4.722570896148682,0,speed,3,-17,14,0,0.0,0,0.0,0.0
4.729189872741699,0,speed,3,-17,14,0,0.0,0,0.0,0.0
4.735811948776245,0,speed,3,-17,14,0,0.0,0,0.0,0.0
4.742435932159424,0,speed,3,-17,14,0,0.0,0,0.0,0.0
4.749060869216919,0,speed,3,-17,14,0,0.0,0,0.0,0.0
4.754717826843262,0,speed,3,-17,14,0,0.0,0,0.0,0.0
4.760385036468506,0,speed,3,-17,14,0,0.0,0,0.0,0.0
4.766057968139648,0,speed,3,-17,14,0,0.0,0,0.0,0.0
4.77267599105835,0,speed,3,-17,14,0,0.0,0,0.0,0.0
4.779137849807739,0,speed,3,-17,14,0,0.0,0,0.0,0.0
4.785481929779053,0,speed,3,-17,14,0,0.0,0,0.0,0.0
4.791261911392212,0,speed,3,-17,14,0,0.0,0,0.0,0.0
4.797538995742798,0,speed,3,-17,14,0,0.0,0,0.0,0.0
4.8028669357299805,0,speed,3,-17,14,0,0.0,0,0.0,0.0
4.808958053588867,0,speed,3,-17,14,0,0.0,0,0.0,0.0
4.8143630027771,0,speed,3,-17,14,0,0.0,0,0.0,0.0
4.820718050003052,0,speed,3,-17,14,0,0.0,0,0.0,0.0
4.8275909423828125,0,speed,3,-17,14,0,0.0,0,0.0,0.0
4.834136009216309,0,speed,3,-17,14,0,0.0,0,0.0,0.0
4.840548038482666,0,speed,3,-17,14,0,0.0,0,0.0,0.0
4.84638786315918,0,speed,3,-17,14,0,0.0,0,0.0,0.0
4.85261082649231,0,speed,3,-17,14,0,0.0,0,0.0,0.0
4.858260869979858,0,speed,3,-17,14,0,0.0,0,0.0,0.0
4.864704847335815,0,speed,3,-17,14,0,0.0,0,0.0,0.0
4.8706278800964355,0,speed,3,-17,14,0,0.0,0,0.0,0.0
4.876683950424194,0,speed,3,-17,14,0,0.0,0,0.0,0.0
4.882062911987305,0,speed,3,-17,14,0,0.0,0,0.0,0.0
4.888511896133423,0,speed,3,-17,14,0,0.0,0,0.0,0.0
4.894965887069702,0,speed,3,-17,14,0,0.0,0,0.0,0.0
4.901233911514282,0,speed,3,-17,14,0,0.0,0,0.0,0.0
4.907709836959839,0,speed,3,-17,14,0,0.0,0,0.0,0.0
4.914077043533325,0,speed,3,-17,14,0,0.0,0,0.0,0.0
4.91974401473999,0,speed,3,-17,14,0,0.0,0,0.0,0.0
4.926256895065308,0,speed,3,-17,14,0,0.0,0,0.0,0.0
4.93267297744751,0,speed,3,-17,14,0,0.0,0,0.0,0.0
4.939136981964111,0,speed,3,-17,14,0,0.0,0,0.0,0.0
4.945469856262207,0,speed,3,-17,14,0,0.0,0,0.0,0.0
4.952046871185303,0,speed,3,-17,14,0,0.0,0,0.0,0.0
4.958107948303223,0,speed,3,-17,14,0,0.0,0,0.0,0.0
4.964110851287842,0,speed,3,-17,14,0,0.0,0,0.0,0.0
4.970536947250366,0,speed,3,-17,14,0,0.0,0,0.0,0.0
4.976966857910156,0,speed,3,-17,14,0,0.0,0,0.0,0.0
4.983260869979858,0,speed,3,-17,14,0,0.0,0,0.0,0.0
4.988574981689453,0,speed,3,-17,14,0,0.0,0,0.0,0.0
4.993929862976074,0,speed,3,-17,14,0,0.0,0,0.0,0.0
5.000367879867554,0,speed,3,-17,14,0,0.0,0,0.0,0.0
5.0068018436431885,0,speed,3,-17,14,0,0.0,0,0.0,0.0
5.012159824371338,0,speed,3,-17,14,0,0.0,0,0.0,0.0
5.018751859664917,0,speed,3,-17,14,0,0.0,0,0.0,0.0
5.023985862731934,0,speed,3,-17,14,0,0.0,0,0.0,0.0
5.030076026916504,0,speed,3,-17,14,0,0.0,0,0.0,0.0
5.036547899246216,0,speed,3,-17,14,0,0.0,0,0.0,0.0
5.0425519943237305,0,speed,3,-17,14,0,0.0,0,0.0,0.0
5.049092054367065,0,speed,3,-17,14,0,0.0,0,0.0,0.0
5.055541038513184,0,speed,3,-17,14,0,0.0,0,0.0,0.0
5.061553001403809,0,speed,3,-17,14,0,0.0,0,0.0,0.0
5.06679892539978,0,speed,3,-17,14,0,0.0,0,0.0,0.0
5.073344945907593,0,speed,3,-17,14,0,0.0,0,0.0,0.0
5.079712867736816,0,speed,3,-17,14,0,0.0,0,0.0,0.0
5.086154937744141,0,speed,3,-17,14,0,0.0,0,0.0,0.0
5.092062950134277,0,speed,3,-17,14,0,0.0,0,0.0,0.0
5.09847092628479,0,speed,3,-17,14,0,0.0,0,0.0,0.0
5.104712963104248,0,speed,3,-17,14,0,0.0,0,0.0,0.0
5.111026048660278,0,speed,3,-17,14,0,0.0,0,0.0,0.0
5.117434978485107,0,speed,3,-17,14,0,0.0,0,0.0,0.0
5.123870849609375,0,speed,3,-17,14,0,0.0,0,0.0,0.0
5.129175901412964,0,speed,3,-17,14,0,0.0,0,0.0,0.0
5.134423017501831,0,speed,3,-17,14,0,0.0,0,0.0,0.0
5.140959024429321,0,speed,3,-17,14,0,0.0,0,0.0,0.0
5.147526979446411,0,speed,3,-17,14,0,0.0,0,0.0,0.0
5.153976917266846,0,speed,3,-17,14,0,0.0,0,0.0,0.0
5.160583019256592,0,speed,3,-17,14,0,0.0,0,0.0,0.0
5.167040824890137,0,speed,3,-17,14,0,0.0,0,0.0,0.0
5.172246932983398,0,speed,3,-17,14,0,0.0,0,0.0,0.0
5.178870916366577,0,speed,3,-17,14,0,0.0,0,0.0,0.0
5.184203863143921,0,speed,3,-17,14,0,0.0,0,0.0,0.0
5.190639972686768,0,speed,3,-17,14,0,0.0,0,0.0,0.0
5.19682502746582,0,speed,3,-17,14,0,0.0,0,0.0,0.0
5.203261852264404,0,speed,3,-17,14,0,0.0,0,0.0,0.0
5.209079027175903,0,speed,3,-17,14,0,0.0,0,0.0,0.0
5.214848041534424,0,speed,3,-17,14,0,0.0,0,0.0,0.0
5.2212889194488525,0,speed,3,-17,14,0,0.0,0,0.0,0.0
5.227650880813599,0,speed,3,-17,14,0,0.0,0,0.0,0.0
5.234079837799072,0,speed,3,-17,14,0,0.0,0,0.0,0.0
5.240634918212891,0,speed,3,-17,14,0,0.0,0,0.0,0.0
5.245859861373901,0,speed,3,-17,14,0,0.0,0,0.0,0.0
5.252305030822754,0,speed,3,-17,14,0,0.0,0,0.0,0.0
5.2582080364227295,0,speed,3,-17,14,0,0.0,0,0.0,0.0
5.263502836227417,0,speed,3,-17,14,0,0.0,0,0.0,0.0
5.269845962524414,0,speed,3,-17,14,0,0.0,0,0.0,0.0
5.2764060497283936,0,speed,3,-17,14,0,0.0,0,0.0,0.0
5.281925916671753,0,speed,3,-17,14,0,0.0,0,0.0,0.0
5.288426876068115,0,speed,3,-17,14,0,0.0,0,0.0,0.0
5.294524908065796,0,speed,3,-17,14,0,0.0,0,0.0,0.0
5.300678968429565,0,speed,3,-17,14,0,0.0,0,0.0,0.0
5.306978940963745,0,speed,3,-17,14,0,0.0,0,0.0,0.0
5.312466859817505,0,speed,3,-17,14,0,0.0,0,0.0,0.0
5.318874835968018,0,speed,3,-17,14,0,0.0,0,0.0,0.0
5.325407028198242,0,speed,3,-17,14,0,0.0,0,0.0,0.0
5.33195686340332,0,speed,3,-17,14,0,0.0,0,0.0,0.0
5.337276935577393,0,speed,3,-17,14,0,0.0,0,0.0,0.0
5.343245983123779,0,speed,3,-17,14,0,0.0,0,0.0,0.0
5.349892854690552,0,speed,3,-17,14,0,0.0,0,0.0,0.0
5.356473922729492,0,speed,3,-17,14,0,0.0,0,0.0,0.0
5.362895965576172,0,speed,3,-17,14,0,0.0,0,0.0,0.0
5.369485855102539,0,speed,3,-17,14,0,0.0,0,0.0,0.0
5.3752899169921875,0,speed,3,-17,14,0,0.0,0,0.0,0.0
5.381793022155762,0,speed,3,-17,14,0,0.0,0,0.0,0.0
5.387344837188721,0,speed,3,-17,14,0,0.0,0,0.0,0.0
5.393882989883423,0,speed,3,-17,14,0,0.0,0,0.0,0.0
5.399075031280518,0,speed,3,-17,14,0,0.0,0,0.0,0.0
5.404186964035034,0,speed,3,-17,14,0,0.0,0,0.0,0.0
5.409376859664917,0,speed,3,-17,14,0,0.0,0,0.0,0.0
5.4147419929504395,0,speed,3,-17,14,0,0.0,0,0.0,0.0
5.421012878417969,0,speed,3,-17,14,0,0.0,0,0.0,0.0
5.4271769523620605,0,speed,3,-17,14,0,0.0,0,0.0,0.0
5.433783054351807,0,speed,3,-17,14,0,0.0,0,0.0,0.0
5.4391188621521,0,speed,3,-17,14,0,0.0,0,0.0,0.0
5.444419860839844,0,speed,3,-17,14,0,0.0,0,0.0,0.0
5.449936866760254,0,speed,3,-17,14,0,0.0,0,0.0,0.0
5.455410003662109,0,speed,3,-17,14,0,0.0,0,0.0,0.0
5.461616039276123,0,speed,3,-17,14,0,0.0,0,0.0,0.0
5.468129873275757,0,speed,3,-17,14,0,0.0,0,0.0,0.0
5.473435878753662,0,speed,3,-17,14,0,0.0,0,0.0,0.0
5.479926824569702,0,speed,3,-17,14,0,0.0,0,0.0,0.0
5.485503911972046,0,speed,3,-17,14,0,0.0,0,0.0,0.0
5.4912028312683105,0,speed,3,-17,14,0,0.0,0,0.0,0.0
5.497592926025391,0,speed,3,-17,14,0,0.0,0,0.0,0.0
5.503816843032837,0,speed,3,-17,14,0,0.0,0,0.0,0.0
5.508954048156738,0,speed,3,-17,14,0,0.0,0,0.0,0.0
5.5152599811553955,0,speed,3,-17,14,0,0.0,0,0.0,0.0
5.521611928939819,0,speed,3,-17,14,0,0.0,0,0.0,0.0
5.527912855148315,0,speed,3,-17,14,0,0.0,0,0.0,0.0
5.534379005432129,0,speed,3,-17,14,0,0.0,0,0.0,0.0
5.540492057800293,0,speed,3,-17,14,0,0.0,0,0.0,0.0
5.546788930892944,0,speed,3,-17,14,0,0.0,0,0.0,0.0
5.553155899047852,0,speed,3,-17,14,0,0.0,0,0.0,0.0
5.558470010757446,0,speed,3,-17,14,0,0.0,0,0.0,0.0
5.5648908615112305,0,speed,3,-17,14,0,0.0,0,0.0,0.0
5.571418046951294,0,speed,3,-17,14,0,0.0,0,0.0,0.0
5.577822923660278,0,speed,3,-17,14,0,0.0,0,0.0,0.0
5.584234952926636,0,speed,3,-17,14,0,0.0,0,0.0,0.0
5.59082293510437,0,speed,3,-17,14,0,0.0,0,0.0,0.0
5.597496032714844,0,speed,3,-17,14,0,0.0,0,0.0,0.0
5.602880001068115,0,speed,3,-17,14,0,0.0,0,0.0,0.0
5.6087729930877686,0,speed,3,-17,14,0,0.0,0,0.0,0.0
5.615193843841553,0,speed,3,-17,14,0,0.0,0,0.0,0.0
5.621208906173706,0,speed,3,-17,14,0,0.0,0,0.0,0.0
5.6268229484558105,0,speed,3,-17,14,0,0.0,0,0.0,0.0
5.633272886276245,0,speed,3,-17,14,0,0.0,0,0.0,0.0
5.63966703414917,0,speed,3,-17,14,0,0.0,0,0.0,0.0
5.64611291885376,0,speed,3,-17,14,0,0.0,0,0.0,0.0
5.652606010437012,0,speed,3,-17,14,0,0.0,0,0.0,0.0
5.658269882202148,0,speed,3,-17,14,0,0.0,0,0.0,0.0
5.664013862609863,0,speed,3,-17,14,0,0.0,0,0.0,0.0
5.670552015304565,0,speed,3,-17,14,0,0.0,0,0.0,0.0
5.6766438484191895,0,speed,3,-17,14,0,0.0,0,0.0,0.0
5.683081865310669,0,speed,3,-17,14,0,0.0,0,0.0,0.0
5.688431978225708,0,speed,3,-17,14,0,0.0,0,0.0,0.0
5.69438099861145,0,speed,3,-17,14,0,0.0,0,0.0,0.0
5.700722932815552,0,speed,3,-17,14,0,0.0,0,0.0,0.0
5.707051038742065,0,speed,3,-17,14,0,0.0,0,0.0,0.0
5.713402986526489,0,speed,3,-17,14,0,0.0,0,0.0,0.0
5.719038009643555,0,speed,3,-17,14,0,0.0,0,0.0,0.0
5.725085973739624,0,speed,3,-17,14,0,0.0,0,0.0,0.0
5.731595993041992,0,speed,3,-17,14,0,0.0,0,0.0,0.0
5.737669944763184,0,speed,3,-17,14,0,0.0,0,0.0,0.0
5.7431159019470215,0,speed,3,-17,14,0,0.0,0,0.0,0.0
