,servo_steering,builtin_accel,,,gps,,,,,encoder
timestamp,position,x,y,z,lat,long,speed,heading,hdop,counts
0.000179290771484375,0,0,0,0,0,0,0,0,0,0
0.005482912063598633,0,0,0,0,0,0,0,0,0,0
0.010895729064941406,0,0,0,0,0,0,0,0,0,0
0.016140222549438477,0,0,0,0,0,0,0,0,0,0
0.021413326263427734,0,0,0,0,0,0,0,0,0,0
0.02671504020690918,0,0,0,0,0,0,0,0,0,0
0.03202009201049805,0,0,0,0,0,0,0,0,0,0
0.03728604316711426,0,0,0,0,0,0,0,0,0,0
0.04253387451171875,0,0,0,0,0,0,0,0,0,0
0.04780697822570801,0,0,0,0,0,0,0,0,0,0
0.05305075645446777,0,0,0,0,0,0,0,0,0,0
0.05829811096191406,0,0,0,0,0,0,0,0,0,0
0.06356453895568848,0,0,0,0,0,0,0,0,0,0
0.06886768341064453,0,0,0,0,0,0,0,0,0,0
0.07414531707763672,0,0,0,0,0,0,0,0,0,0
0.07942700386047363,0,0,0,0,0,0,0,0,0,0
0.08474230766296387,0,0,0,0,0,0,0,0,0,0
0.09004354476928711,0,0,0,0,0,0,0,0,0,0
0.09534668922424316,0,0,0,0,0,0,0,0,0,0
0.10066032409667969,0,0,0,0,0,0,0,0,0,0
0.10597872734069824,0,0,0,0,0,0,0,0,0,0
0.11125636100769043,0,0,0,0,0,0,0,0,0,0
0.11656618118286133,0,0,0,0,0,0,0,0,0,0
0.12186741828918457,0,0,0,0,0,0,0,0,0,0
0.1271681785583496,0,0,0,0,0,0,0,0,0,0
0.13250946998596191,0,0,0,0,0,0,0,0,0,0
0.1379718780517578,0,0,0,0,0,0,0,0,0,0
0.14333701133728027,0,0,0,0,0,0,0,0,0,0
0.1486063003540039,0,0,0,0,0,0,0,0,0,0
0.15391159057617188,0,0,0,0,0,0,0,0,0,0
0.15921401977539062,0,0,0,0,0,0,0,0,0,0
0.16451525688171387,0,0,0,0,0,0,0,0,0,0
0.17043042182922363,0,0,0,0,0,0,0,0,0,0
0.1758122444152832,0,0,0,0,0,0,0,0,0,0
0.18110251426696777,0,0,0,0,0,0,0,0,0,0
0.18641257286071777,0,0,0,0,0,0,0,0,0,0
0.19175100326538086,0,0,0,0,0,0,0,0,0,0
0.19708681106567383,0,0,0,0,0,0,0,0,0,0
0.20294928550720215,0,0,0,0,0,0,0,0,0,0
0.20816349983215332,0,0,0,0,0,0,0,0,0,0
0.21346688270568848,0,0,0,0,0,0,0,0,0,0
0.21876740455627441,0,0,0,0,0,0,0,0,0,0
0.22406649589538574,0,0,0,0,0,0,0,0,0,0
0.2299940586090088,0,0,0,0,0,0,0,0,0,0
0.23526954650878906,0,0,0,0,0,0,0,0,0,0
0.24053573608398438,0,0,0,0,0,0,0,0,0,0
0.24580144882202148,0,0,0,0,0,0,0,0,0,0
0.25110292434692383,0,0,0,0,0,0,0,0,0,0
0.25640320777893066,0,0,0,0,0,0,0,0,0,0
0.2616889476776123,0,0,0,0,0,0,0,0,0,0
0.2669942378997803,0,0,0,0,0,0,0,0,0,0
0.2722952365875244,0,0,0,0,0,0,0,0,0,0
0.27759742736816406,0,0,0,0,0,0,0,0,0,0
0.28282737731933594,0,0,0,0,0,0,0,0,0,0
0.2881309986114502,0,0,0,0,0,0,0,0,0,0
0.2934122085571289,0,0,0,0,0,0,0,0,0,0
0.2987186908721924,0,0,0,0,0,0,0,0,0,0
0.30402183532714844,0,0,0,0,0,0,0,0,0,0
0.3093240261077881,0,0,0,0,0,0,0,0,0,0
0.3146240711212158,0,0,0,0,0,0,0,0,0,0
0.3199269771575928,0,0,0,0,0,0,0,0,0,0
0.325225830078125,0,0,0,0,0,0,0,0,0,0
0.33060312271118164,0,0,0,0,0,0,0,0,0,0
0.3359057903289795,0,0,0,0,0,0,0,0,0,0
0.3412456512451172,0,0,0,0,0,0,0,0,0,0
0.3465540409088135,0,0,0,0,0,0,0,0,0,0
0.351855993270874,0,0,0,0,0,0,0,0,0,0
0.35782623291015625,0,0,0,0,0,0,0,0,0,0
0.36316609382629395,0,0,0,0,0,0,0,0,0,0
0.3684697151184082,0,0,0,0,0,0,0,0,0,0
0.3737339973449707,0,0,0,0,0,0,0,0,0,0
0.37903404235839844,0,0,0,0,0,0,0,0,0,0
0.3842799663543701,0,0,0,0,0,0,0,0,0,0
0.38986992835998535,0,0,0,0,0,0,0,0,0,0
0.39514970779418945,0,0,0,0,0,0,0,0,0,0
0.40045166015625,0,0,0,0,0,0,0,0,0,0
0.40575695037841797,0,0,0,0,0,0,0,0,0,0
0.4110586643218994,0,0,0,0,0,0,0,0,0,0
0.41634225845336914,0,0,0,0,0,0,0,0,0,0
0.4219701290130615,0,0,0,0,0,0,0,0,0,0
0.42727208137512207,0,0,0,0,0,0,0,0,0,0
0.4326162338256836,0,0,0,0,0,0,0,0,0,0
0.4378829002380371,0,0,0,0,0,0,0,0,0,0
0.44311046600341797,0,0,0,0,0,0,0,0,0,0
0.4483950138092041,0,0,0,0,0,0,0,0,0,0
0.4536628723144531,0,0,0,0,0,0,0,0,0,0
0.45896196365356445,0,0,0,0,0,0,0,0,0,0
0.4642624855041504,0,0,0,0,0,0,0,0,0,0
0.46956539154052734,0,0,0,0,0,0,0,0,0,0
0.47486448287963867,0,0,0,0,0,0,0,0,0,0
0.48014283180236816,0,0,0,0,0,0,0,0,0,0
0.4854087829589844,0,0,0,0,0,0,0,0,0,0
0.4907057285308838,0,0,0,0,0,0,0,0,0,0
0.49601006507873535,0,0,0,0,0,0,0,0,0,0
0.5013110637664795,0,0,0,0,0,0,0,0,0,0
0.5066144466400146,0,0,0,0,0,0,0,0,0,0
0.5118963718414307,0,0,0,0,0,0,0,0,0,0
0.5171663761138916,0,0,0,0,0,0,0,0,0,0
0.5225265026092529,0,0,0,0,0,0,0,0,0,0
0.527794599533081,0,0,0,0,0,0,0,0,0,0
0.5330688953399658,0,0,0,0,0,0,0,0,0,0
0.5383448600769043,0,0,0,0,0,0,0,0,0,0
0.5436484813690186,0,0,0,0,0,0,0,0,0,0
0.5488779544830322,0,0,0,0,0,0,0,0,0,0
0.5541527271270752,0,0,0,0,0,0,0,0,0,0
0.5593881607055664,0,0,0,0,0,0,0,0,0,0
0.5646722316741943,0,0,0,0,0,0,0,0,0,0
0.5699474811553955,0,0,0,0,0,0,0,0,0,0
0.5753028392791748,0,0,0,0,0,0,0,0,0,0
0.5805330276489258,0,0,0,0,0,0,0,0,0,0
0.5858051776885986,0,0,0,0,0,0,0,0,0,0
0.5910780429840088,0,0,0,0,0,0,0,0,0,0
0.5963499546051025,0,0,0,0,0,0,0,0,0,0
0.6016218662261963,0,0,0,0,0,0,0,0,0,0
0.6069486141204834,0,0,0,0,0,0,0,0,0,0
0.612159252166748,0,0,0,0,0,0,0,0,0,0
0.617434024810791,0,0,0,0,0,0,0,0,0,0
0.6226494312286377,0,0,0,0,0,0,0,0,0,0
0.6279177665710449,0,0,0,0,0,0,0,0,0,0
0.6331291198730469,0,0,0,0,0,0,0,0,0,0
0.6384806632995605,0,0,0,0,0,0,0,0,0,0
0.6437063217163086,0,0,0,0,0,0,0,0,0,0
0.6489396095275879,0,0,0,0,0,0,0,0,0,0
0.6542129516601562,0,0,0,0,0,0,0,0,0,0
0.6594517230987549,0,0,0,0,0,0,0,0,0,0
0.6647393703460693,0,0,0,0,0,0,0,0,0,0
0.6700997352600098,0,0,0,0,0,0,0,0,0,0
0.6753213405609131,0,0,0,0,0,0,0,0,0,0
0.680600643157959,0,0,0,0,0,0,0,0,0,0
0.6858727931976318,0,0,0,0,0,0,0,0,0,0
0.6911413669586182,0,0,0,0,0,0,0,0,0,0
0.6964125633239746,0,0,0,0,0,0,0,0,0,0
0.7017710208892822,0,0,0,0,0,0,0,0,0,0
0.7070035934448242,0,0,0,0,0,0,0,0,0,0
0.712273120880127,0,0,0,0,0,0,0,0,0,0
0.7175459861755371,0,0,0,0,0,0,0,0,0,0
0.7227582931518555,0,0,0,0,0,0,0,0,0,0
0.7280333042144775,0,0,0,0,0,0,0,0,0,0
0.7333681583404541,0,0,0,0,0,0,0,0,0,0
0.7386083602905273,0,0,0,0,0,0,0,0,0,0
0.7438793182373047,0,0,0,0,0,0,0,0,0,0
0.7491574287414551,0,0,0,0,0,0,0,0,0,0
0.7544314861297607,0,0,0,0,0,0,0,0,0,0
0.7597010135650635,0,0,0,0,0,0,0,0,0,0
0.765045166015625,0,0,0,0,0,0,0,0,0,0
0.7702665328979492,0,0,0,0,0,0,0,0,0,0
0.7754850387573242,0,0,0,0,0,0,0,0,0,0
0.7807660102844238,0,0,0,0,0,0,0,0,0,0
0.786038875579834,0,0,0,0,0,0,0,0,0,0
0.7913241386413574,0,0,0,0,0,0,0,0,0,0
0.7967069149017334,0,0,0,0,0,0,0,0,0,0
0.8019378185272217,0,0,0,0,0,0,0,0,0,0
0.80721116065979,0,0,0,0,0,0,0,0,0,0
0.8125042915344238,0,0,0,0,0,0,0,0,0,0
0.8177773952484131,0,0,0,0,0,0,0,0,0,0
0.8230540752410889,0,0,0,0,0,0,0,0,0,0
0.8284182548522949,0,0,0,0,0,0,0,0,0,0
0.8336420059204102,0,0,0,0,0,0,0,0,0,0
0.8389158248901367,0,0,0,0,0,0,0,0,0,0
0.8441908359527588,0,0,0,0,0,0,0,0,0,0
0.8494646549224854,0,0,0,0,0,0,0,0,0,0
0.8547384738922119,0,0,0,0,0,0,0,0,0,0
0.8600881099700928,0,0,0,0,0,0,0,0,0,0
0.8653080463409424,0,0,0,0,0,0,0,0,0,0
0.8705809116363525,0,0,0,0,0,0,0,0,0,0
0.8758175373077393,0,0,0,0,0,0,0,0,0,0
0.8810913562774658,0,0,0,0,0,0,0,0,0,0
0.8863654136657715,0,0,0,0,0,0,0,0,0,0
0.8917014598846436,0,0,0,0,0,0,0,0,0,0
0.8969364166259766,0,0,0,0,0,0,0,0,0,0
0.9022095203399658,0,0,0,0,0,0,0,0,0,0
0.907480001449585,0,0,0,0,0,0,0,0,0,0
0.9127092361450195,0,0,0,0,0,0,0,0,0,0
0.9179461002349854,0,0,0,0,0,0,0,0,0,0
0.923253059387207,0,0,0,0,0,0,0,0,0,0
0.9285004138946533,0,0,0,0,0,0,0,0,0,0
0.9337728023529053,0,0,0,0,0,0,0,0,0,0
0.9390461444854736,0,0,0,0,0,0,0,0,0,0
0.9443197250366211,0,0,0,0,0,0,0,0,0,0
0.9495928287506104,0,0,0,0,0,0,0,0,0,0
0.9549357891082764,0,0,0,0,0,0,0,0,0,0
0.9601666927337646,0,0,0,0,0,0,0,0,0,0
0.9654414653778076,0,0,0,0,0,0,0,0,0,0
0.9707138538360596,0,0,0,0,0,0,0,0,0,0
0.9759500026702881,0,0,0,0,0,0,0,0,0,0
0.9812333583831787,0,0,0,0,0,0,0,0,0,0
0.9865784645080566,0,0,0,0,0,0,0,0,0,0
0.991811990737915,0,0,0,0,0,0,0,0,0,0
0.9970850944519043,0,0,0,0,0,0,0,0,0,0
1.0023789405822754,0,0,0,0,0,0,0,0,0,0
1.0076544284820557,0,0,0,0,0,0,0,0,0,0
1.012927770614624,0,0,0,0,0,0,0,0,0,0
1.0182805061340332,0,0,0,0,0,0,0,0,0,0
1.023503065109253,0,0,0,0,0,0,0,0,0,0
1.0287482738494873,0,0,0,0,0,0,0,0,0,0
1.0339851379394531,0,0,0,0,0,0,0,0,0,0
1.0392224788665771,0,0,0,0,0,0,0,0,0,0
1.0444939136505127,0,0,0,0,0,0,0,0,0,0
1.0498437881469727,0,0,0,0,0,0,0,0,0,0
1.0550727844238281,0,0,0,0,0,0,0,0,0,0
1.0603430271148682,0,0,0,0,0,0,0,0,0,0
1.0656452178955078,0,0,0,0,0,0,0,0,0,0
1.0708816051483154,0,0,0,0,0,0,0,0,0,0
1.0761559009552002,0,0,0,0,0,0,0,0,0,0
1.0814926624298096,0,0,0,0,0,0,0,0,0,0
1.0867295265197754,0,0,0,0,0,0,0,0,0,0
1.0919408798217773,0,0,0,0,0,0,0,0,0,0
1.0972118377685547,0,0,0,0,0,0,0,0,0,0
1.1025121212005615,0,0,0,0,0,0,0,0,0,0
1.1077840328216553,0,0,0,0,0,0,0,0,0,0
1.113133192062378,0,0,0,0,0,0,0,0,0,0
1.1183743476867676,0,0,0,0,0,0,0,0,0,0
1.1236460208892822,0,0,0,0,0,0,0,0,0,0
1.128917932510376,0,0,0,0,0,0,0,0,0,0
1.134190320968628,0,0,0,0,0,0,0,0,0,0
1.1394660472869873,0,0,0,0,0,0,0,0,0,0
1.1448421478271484,0,0,0,0,0,0,0,0,0,0
1.1500773429870605,0,0,0,0,0,0,0,0,0,0
1.1553547382354736,0,0,0,0,0,0,0,0,0,0
1.160736083984375,0,0,0,0,0,0,0,0,0,0
1.166086196899414,0,0,0,0,0,0,0,0,0,0
1.1714286804199219,0,0,0,0,0,0,0,0,0,0
1.176750898361206,0,0,0,0,0,0,0,0,0,0
1.182063341140747,0,0,0,0,0,0,0,0,0,0
1.1874079704284668,0,0,0,0,0,0,0,0,0,0
1.1926398277282715,0,0,0,0,0,0,0,0,0,0
1.1979928016662598,0,0,0,0,0,0,0,0,0,0
1.2032685279846191,0,0,0,0,0,0,0,0,0,0
1.209040641784668,0,0,0,0,0,0,0,0,0,0
1.2144386768341064,0,0,0,0,0,0,0,0,0,0
1.2197811603546143,0,0,0,0,0,0,0,0,0,0
1.2250590324401855,0,0,0,0,0,0,0,0,0,0
1.2303941249847412,0,0,0,0,0,0,0,0,0,0
1.2357385158538818,0,0,0,0,0,0,0,0,0,0
1.241508960723877,0,0,0,0,0,0,0,0,0,0
1.246917486190796,0,0,0,0,0,0,0,0,0,0
1.252260446548462,0,0,0,0,0,0,0,0,0,0
1.2576003074645996,0,0,0,0,0,0,0,0,0,0
1.2628638744354248,0,0,0,0,0,0,0,0,0,0
1.2682013511657715,0,0,0,0,0,0,0,0,0,0
1.273747205734253,0,0,0,0,0,0,0,0,0,0
1.279090166091919,0,0,0,0,0,0,0,0,0,0
1.2844290733337402,0,0,0,0,0,0,0,0,0,0
1.2897698879241943,0,0,0,0,0,0,0,0,0,0
1.2951116561889648,0,0,0,0,0,0,0,0,0,0
1.300445795059204,0,0,0,0,0,0,0,0,0,0
1.3057799339294434,0,0,0,0,0,0,0,0,0,0
1.3110482692718506,0,0,0,0,0,0,0,0,0,0
1.3163495063781738,0,0,0,0,0,0,0,0,0,0
1.3216545581817627,0,0,0,0,0,0,0,0,0,0
1.3269188404083252,0,0,0,0,0,0,0,0,0,0
1.3322029113769531,0,0,0,0,0,0,0,0,0,0
1.3374450206756592,0,0,0,0,0,0,0,0,0,0
1.3426852226257324,0,0,0,0,0,0,0,0,0,0
1.3479855060577393,0,0,0,0,0,0,0,0,0,0
1.3532164096832275,0,0,0,0,0,0,0,0,0,0
1.3585174083709717,0,0,0,0,0,0,0,0,0,0
1.3637666702270508,0,0,0,0,0,0,0,0,0,0
1.369011640548706,0,0,0,0,0,0,0,0,0,0
1.3742754459381104,0,0,0,0,0,0,0,0,0,0
1.3795781135559082,0,0,0,0,0,0,0,0,0,0
1.3848798274993896,0,0,0,0,0,0,0,0,0,0
1.3901848793029785,0,0,0,0,0,0,0,0,0,0
1.395465612411499,0,0,0,0,0,0,0,0,0,0
1.4007236957550049,0,0,0,0,0,0,0,0,0,0
1.4060263633728027,0,0,0,0,0,0,0,0,0,0
1.4113309383392334,0,0,0,0,0,0,0,0,0,0
1.4166326522827148,0,0,0,0,0,0,0,0,0,0
1.4219470024108887,0,0,0,0,0,0,0,0,0,0
1.4272289276123047,0,0,0,0,0,0,0,0,0,0
1.4325337409973145,0,0,0,0,0,0,0,0,0,0
1.4378373622894287,0,0,0,0,0,0,0,0,0,0
1.4430663585662842,0,0,0,0,0,0,0,0,0,0
1.4483678340911865,0,0,0,0,0,0,0,0,0,0
1.4536335468292236,0,0,0,0,0,0,0,0,0,0
1.4589159488677979,0,0,0,0,0,0,0,0,0,0
1.4641611576080322,0,0,0,0,0,0,0,0,0,0
1.4694621562957764,0,0,0,0,0,0,0,0,0,0
1.4747884273529053,0,0,0,0,0,0,0,0,0,0
1.4800889492034912,0,0,0,0,0,0,0,0,0,0
1.4853942394256592,0,0,0,0,0,0,0,0,0,0
1.4906694889068604,0,0,0,0,0,0,0,0,0,0
1.4959099292755127,0,0,0,0,0,0,0,0,0,0
1.5012106895446777,0,0,0,0,0,0,0,0,0,0
1.506514072418213,0,0,0,0,0,0,0,0,0,0
1.511819839477539,0,0,0,0,0,0,0,0,0,0
1.5171220302581787,0,0,0,0,0,0,0,0,0,0
1.5224027633666992,0,0,0,0,0,0,0,0,0,0
1.527686595916748,0,0,0,0,0,0,0,0,0,0
1.5329921245574951,0,0,0,0,0,0,0,0,0,0
1.5382907390594482,0,0,0,0,0,0,0,0,0,0
1.5435583591461182,0,0,0,0,0,0,0,0,0,0
1.5488622188568115,0,0,0,0,0,0,0,0,0,0
1.5541164875030518,0,0,0,0,0,0,0,0,0,0
1.559359073638916,0,0,0,0,0,0,0,0,0,0
1.5646743774414062,0,0,0,0,0,0,0,0,0,0
1.5699772834777832,0,0,0,0,0,0,0,0,0,0
1.5752191543579102,0,0,0,0,0,0,0,0,0,0
1.580519676208496,0,0,0,0,0,0,0,0,0,0
1.585801124572754,0,0,0,0,0,0,0,0,0,0
1.5910449028015137,0,0,0,0,0,0,0,0,0,0
1.5963454246520996,0,0,0,0,0,0,0,0,0,0
1.6016502380371094,0,0,0,0,0,0,0,0,0,0
1.6069533824920654,0,0,0,0,0,0,0,0,0,0
1.612255334854126,0,0,0,0,0,0,0,0,0,0
1.6175038814544678,0,0,0,0,0,0,0,0,0,0
1.622708797454834,0,0,0,0,0,0,0,0,0,0
1.6280083656311035,0,0,0,0,0,0,0,0,0,0
1.6332449913024902,0,0,0,0,0,0,0,0,0,0
1.6385464668273926,0,0,0,0,0,0,0,0,0,0
1.6437835693359375,0,0,0,0,0,0,0,0,0,0
1.6490685939788818,0,0,0,0,0,0,0,0,0,0
1.6543095111846924,0,0,0,0,0,0,0,0,0,0
1.6595757007598877,0,0,0,0,0,0,0,0,0,0
1.6648783683776855,0,0,0,0,0,0,0,0,0,0
1.670182466506958,0,0,0,0,0,0,0,0,0,0
1.6754868030548096,0,0,0,0,0,0,0,0,0,0
1.6807794570922852,0,0,0,0,0,0,0,0,0,0
1.6860241889953613,0,0,0,0,0,0,0,0,0,0
1.6913812160491943,0,0,0,0,0,0,0,0,0,0
1.6966907978057861,0,0,0,0,0,0,0,0,0,0
1.7019951343536377,0,0,0,0,0,0,0,0,0,0
1.7072944641113281,0,0,0,0,0,0,0,0,0,0
1.7129631042480469,0,0,0,0,0,0,0,0,0,0
1.718266248703003,0,0,0,0,0,0,0,0,0,0
1.7235662937164307,0,0,0,0,0,0,0,0,0,0
1.7288727760314941,0,0,0,0,0,0,0,0,0,0
1.7341728210449219,0,0,0,0,0,0,0,0,0,0
1.7394773960113525,0,0,0,0,0,0,0,0,0,0
1.7447843551635742,0,0,0,0,0,0,0,0,0,0
1.750091314315796,0,0,0,0,0,0,0,0,0,0
1.7553937435150146,0,0,0,0,0,0,0,0,0,0
1.7607088088989258,0,0,0,0,0,0,0,0,0,0
1.7660090923309326,0,0,0,0,0,0,0,0,0,0
1.7713127136230469,0,0,0,0,0,0,0,0,0,0
1.7770984172821045,0,0,0,0,0,0,0,0,0,0
1.7824318408966064,0,0,0,0,0,0,0,0,0,0
1.7877342700958252,0,0,0,0,0,0,0,0,0,0
1.7930340766906738,0,0,0,0,0,0,0,0,0,0
1.7983345985412598,0,0,0,0,0,0,0,0,0,0
1.8036365509033203,0,0,0,0,0,0,0,0,0,0
1.809154987335205,0,0,0,0,0,0,0,0,0,0
1.8145091533660889,0,0,0,0,0,0,0,0,0,0
1.8198120594024658,0,0,0,0,0,0,0,0,0,0
1.8251197338104248,0,0,0,0,0,0,0,0,0,0
1.8303837776184082,0,0,0,0,0,0,0,0,0,0
1.8356635570526123,0,0,0,0,0,0,0,0,0,0
1.8412671089172363,0,0,0,0,0,0,0,0,0,0
1.8465685844421387,0,0,0,0,0,0,0,0,0,0
1.8518736362457275,0,0,0,0,0,0,0,0,0,0
1.8571751117706299,0,0,0,0,0,0,0,0,0,0
1.862520456314087,0,0,0,0,0,0,0,0,0,0
1.8677923679351807,0,0,0,0,0,0,0,0,0,0
1.873335838317871,0,0,0,0,0,0,0,0,0,0
1.878633737564087,0,0,0,0,0,0,0,0,0,0
1.8839325904846191,0,0,0,0,0,0,0,0,0,0
1.8892369270324707,0,0,0,0,0,0,0,0,0,0
1.8945372104644775,0,0,0,0,0,0,0,0,0,0
1.8998184204101562,0,0,0,0,0,0,0,0,0,0
1.9050610065460205,0,0,0,0,0,0,0,0,0,0
1.9103600978851318,0,0,0,0,0,0,0,0,0,0
1.9156646728515625,0,0,0,0,0,0,0,0,0,0
1.9209651947021484,0,0,0,0,0,0,0,0,0,0
1.9262661933898926,0,0,0,0,0,0,0,0,0,0
1.9315476417541504,0,0,0,0,0,0,0,0,0,0
1.9367949962615967,0,0,0,0,0,0,0,0,0,0
1.9420950412750244,0,0,0,0,0,0,0,0,0,0
1.9474000930786133,0,0,0,0,0,0,0,0,0,0
1.9526867866516113,0,0,0,0,0,0,0,0,0,0
1.9579710960388184,0,0,0,0,0,0,0,0,0,0
1.9632868766784668,0,0,0,0,0,0,0,0,0,0
1.9685258865356445,0,0,0,0,0,0,0,0,0,0
1.9737989902496338,0,0,0,0,0,0,0,0,0,0
1.9790279865264893,0,0,0,0,0,0,0,0,0,0
1.9842591285705566,0,0,0,0,0,0,0,0,0,0
1.9894907474517822,0,0,0,0,0,0,0,0,0,0
1.9948382377624512,0,0,0,0,0,0,0,0,0,0
2.0000534057617188,0,0,0,0,0,0,0,0,0,0
2.005284309387207,0,0,0,0,0,0,0,0,0,0
2.010514497756958,0,0,0,0,0,0,0,0,0,0
2.0157434940338135,0,0,0,0,0,0,0,0,0,0
2.0209898948669434,0,0,0,0,0,0,0,0,0,0
2.0263168811798096,0,0,0,0,0,0,0,0,0,0
2.0315401554107666,0,0,0,0,0,0,0,0,0,0
2.0367791652679443,0,0,0,0,0,0,0,0,0,0
2.041990041732788,0,0,0,0,0,0,0,0,0,0
2.047220468521118,0,0,0,0,0,0,0,0,0,0
2.052478790283203,0,0,0,0,0,0,0,0,0,0
2.05781888961792,0,0,0,0,0,0,0,0,0,0
2.063025712966919,0,0,0,0,0,0,0,0,0,0
2.0682413578033447,0,0,0,0,0,0,0,0,0,0
2.073453664779663,0,0,0,0,0,0,0,0,0,0
2.0786826610565186,0,0,0,0,0,0,0,0,0,0
2.083918571472168,0,0,0,0,0,0,0,0,0,0
2.089272975921631,0,0,0,0,0,0,0,0,0,0
2.0944814682006836,0,0,0,0,0,0,0,0,0,0
2.0997118949890137,0,0,0,0,0,0,0,0,0,0
2.1049437522888184,0,0,0,0,0,0,0,0,0,0
2.1101839542388916,0,0,0,0,0,0,0,0,0,0
2.1154143810272217,0,0,0,0,0,0,0,0,0,0
2.1209402084350586,0,0,0,0,0,0,0,0,0,0
2.126230001449585,0,0,0,0,0,0,0,0,0,0
2.1314616203308105,0,0,0,0,0,0,0,0,0,0
2.136705160140991,0,0,0,0,0,0,0,0,0,0
2.1419150829315186,0,0,0,0,0,0,0,0,0,0
2.1471498012542725,0,0,0,0,0,0,0,0,0,0
2.152573823928833,0,0,0,0,0,0,0,0,0,0
2.158097267150879,0,0,0,0,0,0,0,0,0,0
2.163336753845215,0,0,0,0,0,0,0,0,0,0
2.168574810028076,0,0,0,0,0,0,0,0,0,0
2.17378306388855,0,0,0,0,0,0,0,0,0,0
2.1790153980255127,0,0,0,0,0,0,0,0,0,0
2.1842260360717773,0,0,0,0,0,0,0,0,0,0
2.1899454593658447,0,0,0,0,0,0,0,0,0,0
2.195258855819702,0,0,0,0,0,0,0,0,0,0
2.2005255222320557,0,0,0,0,0,0,0,0,0,0
2.2058277130126953,0,0,0,0,0,0,0,0,0,0
2.2110719680786133,0,0,0,0,0,0,0,0,0,0
2.2163217067718506,0,0,0,0,0,0,0,0,0,0
2.2215592861175537,0,0,0,0,0,0,0,0,0,0
2.226864814758301,0,0,0,0,0,0,0,0,0,0
2.2321043014526367,0,0,0,0,0,0,0,0,0,0
2.237328290939331,0,0,0,0,0,0,0,0,0,0
2.2425663471221924,0,0,0,0,0,0,0,0,0,0
2.2477867603302,0,0,0,0,0,0,0,0,0,0
2.2530078887939453,0,0,0,0,0,0,0,0,0,0
2.2581987380981445,0,0,0,0,0,0,0,0,0,0
2.2633960247039795,0,0,0,0,0,0,0,0,0,0
2.2686285972595215,0,0,0,0,0,0,0,0,0,0
2.2738230228424072,0,0,0,0,0,0,0,0,0,0
2.279045343399048,0,0,0,0,0,0,0,0,0,0
2.2842745780944824,0,0,0,0,0,0,0,0,0,0
2.289513349533081,0,0,0,0,0,0,0,0,0,0
2.2947208881378174,0,0,0,0,0,0,0,0,0,0
2.299964189529419,0,0,0,0,0,0,0,0,0,0
2.305204391479492,0,0,0,0,0,0,0,0,0,0
2.310441732406616,0,0,0,0,0,0,0,0,0,0
2.3156659603118896,0,0,0,0,0,0,0,0,0,0
2.320866346359253,0,0,0,0,0,0,0,0,0,0
2.3260905742645264,0,0,0,0,0,0,0,0,0,0
2.3313205242156982,0,0,0,0,0,0,0,0,0,0
2.3365836143493652,0,0,0,0,0,0,0,0,0,0
2.341817855834961,0,0,0,0,0,0,0,0,0,0
2.347031831741333,0,0,0,0,0,0,0,0,0,0
2.352267265319824,0,0,0,0,0,0,0,0,0,0
2.3575034141540527,0,0,0,0,0,0,0,0,0,0
2.3626742362976074,0,0,0,0,0,0,0,0,0,0
2.367929697036743,0,0,0,0,0,0,0,0,0,0
2.373148202896118,0,0,0,0,0,0,0,0,0,0
2.3783657550811768,0,0,0,0,0,0,0,0,0,0
2.3835928440093994,0,0,0,0,0,0,0,0,0,0
2.3888590335845947,0,0,0,0,0,0,0,0,0,0
2.394073247909546,0,0,0,0,0,0,0,0,0,0
2.3993101119995117,0,0,0,0,0,0,0,0,0,0
2.4045217037200928,0,0,0,0,0,0,0,0,0,0
2.409738302230835,0,0,0,0,0,0,0,0,0,0
2.4149556159973145,0,0,0,0,0,0,0,0,0,0
2.420182943344116,0,0,0,0,0,0,0,0,0,0
2.4254112243652344,0,0,0,0,0,0,0,0,0,0
2.4306459426879883,0,0,0,0,0,0,0,0,0,0
2.4358747005462646,0,0,0,0,0,0,0,0,0,0
2.4410994052886963,0,0,0,0,0,0,0,0,0,0
2.4463348388671875,0,0,0,0,0,0,0,0,0,0
2.451618194580078,0,0,0,0,0,0,0,0,0,0
2.4568402767181396,0,0,0,0,0,0,0,0,0,0
2.4620673656463623,0,0,0,0,0,0,0,0,0,0
2.467285394668579,0,0,0,0,0,0,0,0,0,0
2.4725708961486816,0,0,0,0,0,0,0,0,0,0
2.4778378009796143,0,0,0,0,0,0,0,0,0,0
2.4830708503723145,0,0,0,0,0,0,0,0,0,0
2.4883153438568115,0,0,0,0,0,0,0,0,0,0
2.493582010269165,0,0,0,0,0,0,0,0,0,0
2.498833656311035,0,0,0,0,0,0,0,0,0,0
2.5043985843658447,0,0,0,0,0,0,0,0,0,0
2.509617328643799,0,0,0,0,0,0,0,0,0,0
2.5149190425872803,0,0,0,0,0,0,0,0,0,0
2.520568370819092,0,0,0,0,0,0,0,0,0,0
2.5258629322052,0,0,0,0,0,0,0,0,0,0
2.5311219692230225,0,0,0,0,0,0,0,0,0,0
2.536386728286743,0,0,0,0,0,0,0,0,0,0
2.541621685028076,0,0,0,0,0,0,0,0,0,0
2.546887159347534,0,0,0,0,0,0,0,0,0,0
2.5521862506866455,0,0,0,0,0,0,0,0,0,0
2.5574843883514404,0,0,0,0,0,0,0,0,0,0
2.5627565383911133,0,0,0,0,0,0,0,0,0,0
2.5679945945739746,0,0,0,0,0,0,0,0,0,0
2.5732250213623047,0,0,0,0,0,0,0,0,0,0
2.57851243019104,0,0,0,0,0,0,0,0,0,0
2.583763837814331,0,0,0,0,0,0,0,0,0,0
2.5890660285949707,0,0,0,0,0,0,0,0,0,0
2.594679355621338,0,0,0,0,0,0,0,0,0,0
2.6000518798828125,0,0,0,0,0,0,0,0,0,0
2.605300188064575,0,0,0,0,0,0,0,0,0,0
2.6105966567993164,0,0,0,0,0,0,0,0,0,0
2.6158599853515625,0,0,0,0,0,0,0,0,0,0
2.6211161613464355,0,0,0,0,0,0,0,0,0,0
2.6267125606536865,0,0,0,0,0,0,0,0,0,0
2.6320481300354004,0,0,0,0,0,0,0,0,0,0
2.637354612350464,0,0,0,0,0,0,0,0,0,0
2.642655849456787,0,0,0,0,0,0,0,0,0,0
2.647955894470215,0,0,0,0,0,0,0,0,0,0
2.653198003768921,0,0,0,0,0,0,0,0,0,0
2.658766031265259,0,0,0,0,0,0,0,0,0,0
2.6640326976776123,0,0,0,0,0,0,0,0,0,0
2.6693003177642822,0,0,0,0,0,0,0,0,0,0
2.6746535301208496,0,0,0,0,0,0,0,0,0,0
2.679961919784546,0,0,0,0,0,0,0,0,0,0
2.685206174850464,0,0,0,0,0,0,0,0,0,0
2.690455913543701,0,0,0,0,0,0,0,0,0,0
2.695678949356079,0,0,0,0,0,0,0,0,0,0
2.7009096145629883,0,0,0,0,0,0,0,0,0,0
2.7061750888824463,0,0,0,0,0,0,0,0,0,0
2.711474895477295,0,0,0,0,0,0,0,0,0,0
2.716736316680908,0,0,0,0,0,0,0,0,0,0
2.7219715118408203,0,0,0,0,0,0,0,0,0,0
2.727189064025879,0,0,0,0,0,0,0,0,0,0
2.732459306716919,0,0,0,0,0,0,0,0,0,0
2.737727165222168,0,0,0,0,0,0,0,0,0,0
2.743028163909912,0,0,0,0,0,0,0,0,0,0
2.7482728958129883,0,0,0,0,0,0,0,0,0,0
2.753507137298584,0,0,0,0,0,0,0,0,0,0
2.7587718963623047,0,0,0,0,0,0,0,0,0,0
2.7640349864959717,0,0,0,0,0,0,0,0,0,0
2.769305467605591,0,0,0,0,0,0,0,0,0,0
2.7745580673217773,0,0,0,0,0,0,0,0,0,0
2.779804229736328,0,0,0,0,0,0,0,0,0,0
2.785043478012085,0,0,0,0,0,0,0,0,0,0
2.7903122901916504,0,0,0,0,0,0,0,0,0,0
2.7955780029296875,0,0,0,0,0,0,0,0,0,0
2.8008806705474854,0,0,0,0,0,0,0,0,0,0
2.806180477142334,0,0,0,0,0,0,0,0,0,0
2.811432123184204,0,0,0,0,0,0,0,0,0,0
2.816690683364868,0,0,0,0,0,0,0,0,0,0
2.8219945430755615,0,0,0,0,0,0,0,0,0,0
2.827256917953491,0,0,0,0,0,0,0,0,0,0
2.832595109939575,0,0,0,0,0,0,0,0,0,0
2.8378567695617676,0,0,0,0,0,0,0,0,0,0
2.843099594116211,0,0,0,0,0,0,0,0,0,0
2.848343849182129,0,0,0,0,0,0,0,0,0,0
2.8536019325256348,0,0,0,0,0,0,0,0,0,0
2.858846426010132,0,0,0,0,0,0,0,0,0,0
2.8641107082366943,0,0,0,0,0,0,0,0,0,0
2.8694164752960205,0,0,0,0,0,0,0,0,0,0
2.8747048377990723,0,0,0,0,0,0,0,0,0,0
2.8799514770507812,0,0,0,0,0,0,0,0,0,0
2.8852529525756836,0,0,0,0,0,0,0,0,0,0
2.8905155658721924,0,0,0,0,0,0,0,0,0,0
2.8958168029785156,0,0,0,0,0,0,0,0,0,0
2.901073455810547,0,0,0,0,0,0,0,0,0,0
2.9063618183135986,0,0,0,0,0,0,0,0,0,0
2.911607027053833,0,0,0,0,0,0,0,0,0,0
2.9168412685394287,0,0,0,0,0,0,0,0,0,0
2.9221067428588867,0,0,0,0,0,0,0,0,0,0
2.927408218383789,0,0,0,0,0,0,0,0,0,0
2.9326860904693604,0,0,0,0,0,0,0,0,0,0
2.937934398651123,0,0,0,0,0,0,0,0,0,0
2.9431722164154053,0,0,0,0,0,0,0,0,0,0
2.948436737060547,0,0,0,0,0,0,0,0,0,0
2.953704595565796,0,0,0,0,0,0,0,0,0,0
2.958970069885254,0,0,0,0,0,0,0,0,0,0
2.964216470718384,0,0,0,0,0,0,0,0,0,0
2.9694581031799316,0,0,0,0,0,0,0,0,0,0
2.974695920944214,0,0,0,0,0,0,0,0,0,0
2.979997396469116,0,0,0,0,0,0,0,0,0,0
2.9852993488311768,0,0,0,0,0,0,0,0,0,0
2.990567684173584,0,0,0,0,0,0,0,0,0,0
2.9958696365356445,0,0,0,0,0,0,0,0,0,0
3.0011541843414307,0,0,0,0,0,0,0,0,0,0
3.0063819885253906,0,0,0,0,0,0,0,0,0,0
3.011683464050293,0,0,0,0,0,0,0,0,0,0
3.0169849395751953,0,0,0,0,0,0,0,0,0,0
3.022286891937256,0,0,0,0,0,0,0,0,0,0
3.027592182159424,0,0,0,0,0,0,0,0,0,0
3.0328307151794434,0,0,0,0,0,0,0,0,0,0
3.0380702018737793,0,0,0,0,0,0,0,0,0,0
3.0433690547943115,0,0,0,0,0,0,0,0,0,0
3.0486867427825928,0,0,0,0,0,0,0,0,0,0
3.0539896488189697,0,0,0,0,0,0,0,0,0,0
3.059295654296875,0,0,0,0,0,0,0,0,0,0
3.0645501613616943,0,0,0,0,0,0,0,0,0,0
3.0697829723358154,0,0,0,0,0,0,0,0,0,0
3.075092077255249,0,0,0,0,0,0,0,0,0,0
3.080396890640259,0,0,0,0,0,0,0,0,0,0
3.085697650909424,0,0,0,0,0,0,0,0,0,0
3.0909981727600098,0,0,0,0,0,0,0,0,0,0
3.096283197402954,0,0,0,0,0,0,0,0,0,0
3.1015169620513916,0,0,0,0,0,0,0,0,0,0
3.1068170070648193,0,0,0,0,0,0,0,0,0,0
3.112118721008301,0,0,0,0,0,0,0,0,0,0
3.1174261569976807,0,0,0,0,0,0,0,0,0,0
3.122668981552124,0,0,0,0,0,0,0,0,0,0
3.1279478073120117,0,0,0,0,0,0,0,0,0,0
3.1331779956817627,0,0,0,0,0,0,0,0,0,0
3.1384437084198,0,0,0,0,0,0,0,0,0,0
3.1437439918518066,0,0,0,0,0,0,0,0,0,0
3.1490492820739746,0,0,0,0,0,0,0,0,0,0
3.1543548107147217,0,0,0,0,0,0,0,0,0,0
3.159634590148926,0,0,0,0,0,0,0,0,0,0
3.1648619174957275,0,0,0,0,0,0,0,0,0,0
3.170163154602051,0,0,0,0,0,0,0,0,0,0
3.175464391708374,0,0,0,0,0,0,0,0,0,0
3.1807777881622314,0,0,0,0,0,0,0,0,0,0
3.18608021736145,0,0,0,0,0,0,0,0,0,0
3.1913444995880127,0,0,0,0,0,0,0,0,0,0
3.1965808868408203,0,0,0,0,0,0,0,0,0,0
3.2018814086914062,0,0,0,0,0,0,0,0,0,0
3.2071826457977295,0,0,0,0,0,0,0,0,0,0
3.2124509811401367,0,0,0,0,0,0,0,0,0,0
3.21775484085083,0,0,0,0,0,0,0,0,0,0
3.223006248474121,0,0,0,0,0,0,0,0,0,0
3.2282309532165527,0,0,0,0,0,0,0,0,0,0
3.233494520187378,0,0,0,0,0,0,0,0,0,0
3.2387561798095703,0,0,0,0,0,0,0,0,0,0
3.2440226078033447,0,0,0,0,0,0,0,0,0,0
3.2492876052856445,0,0,0,0,0,0,0,0,0,0
3.2545833587646484,0,0,0,0,0,0,0,0,0,0
3.2598206996917725,0,0,0,0,0,0,0,0,0,0
3.2651267051696777,0,0,0,0,0,0,0,0,0,0
3.270380735397339,0,0,0,0,0,0,0,0,0,0
3.2755918502807617,0,0,0,0,0,0,0,0,0,0
3.280886650085449,0,0,0,0,0,0,0,0,0,0
3.286123037338257,0,0,0,0,0,0,0,0,0,0
3.2913818359375,0,0,0,0,0,0,0,0,0,0
3.2966082096099854,0,0,0,0,0,0,0,0,0,0
3.3019089698791504,0,0,0,0,0,0,0,0,0,0
3.3072080612182617,0,0,0,0,0,0,0,0,0,0
3.3125760555267334,0,0,0,0,0,0,0,0,0,0
3.317937135696411,0,0,0,0,0,0,0,0,0,0
3.3232247829437256,0,0,0,0,0,0,0,0,0,0
3.328523874282837,0,0,0,0,0,0,0,0,0,0
3.3337669372558594,0,0,0,0,0,0,0,0,0,0
3.33906888961792,0,0,0,0,0,0,0,0,0,0
3.3443377017974854,0,0,0,0,0,0,0,0,0,0
3.3497071266174316,0,0,0,0,0,0,0,0,0,0
3.355034589767456,0,0,0,0,0,0,0,0,0,0
3.360334634780884,0,0,0,0,0,0,0,0,0,0
3.365636110305786,0,0,0,0,0,0,0,0,0,0
3.370903253555298,0,0,0,0,0,0,0,0,0,0
3.3761656284332275,0,0,0,0,0,0,0,0,0,0
3.3814167976379395,0,0,0,0,0,0,0,0,0,0
3.3866822719573975,0,0,0,0,0,0,0,0,0,0
3.3919827938079834,0,0,0,0,0,0,0,0,0,0
3.39737868309021,0,0,0,0,0,0,0,0,0,0
3.4027624130249023,0,0,0,0,0,0,0,0,0,0
3.4080612659454346,0,0,0,0,0,0,0,0,0,0
3.41330885887146,0,0,0,0,0,0,0,0,0,0
3.4186103343963623,0,0,0,0,0,0,0,0,0,0
3.423846960067749,0,0,0,0,0,0,0,0,0,0
3.4291460514068604,0,0,0,0,0,0,0,0,0,0
3.434448480606079,0,0,0,0,0,0,0,0,0,0
3.4402999877929688,0,0,0,0,0,0,0,0,0,0
3.445638418197632,0,0,0,0,0,0,0,0,0,0
3.4511961936950684,0,0,0,0,0,0,0,0,0,0
3.456512212753296,0,0,0,0,0,0,0,0,0,0
3.4617810249328613,0,0,0,0,0,0,0,0,0,0
3.467045545578003,0,0,0,0,0,0,0,0,0,0
3.472261667251587,0,0,0,0,0,0,0,0,0,0
3.477524518966675,0,0,0,0,0,0,0,0,0,0
3.4827523231506348,0,0,0,0,0,0,0,0,0,0
3.4880568981170654,0,0,0,0,0,0,0,0,0,0
3.4933624267578125,0,0,0,0,0,0,0,0,0,0
3.498669385910034,0,0,0,0,0,0,0,0,0,0
3.5039727687835693,0,0,0,0,0,0,0,0,0,0
3.5092689990997314,0,0,0,0,0,0,0,0,0,0
3.5145809650421143,0,0,0,0,0,0,0,0,0,0
3.5206384658813477,0,0,0,0,0,0,0,0,0,0
3.525975227355957,0,0,0,0,0,0,0,0,0,0
3.531275510787964,0,0,0,0,0,0,0,0,0,0
3.5366110801696777,0,0,0,0,0,0,0,0,0,0
3.541877031326294,0,0,0,0,0,0,0,0,0,0
3.547175645828247,0,0,0,0,0,0,0,0,0,0
3.5534117221832275,0,0,0,0,0,0,0,0,0,0
3.558681011199951,0,0,0,0,0,0,0,0,0,0
3.563943862915039,0,0,0,0,0,0,0,0,0,0
3.569243907928467,0,0,0,0,0,0,0,0,0,0
3.5745041370391846,0,0,0,0,0,0,0,0,0,0
3.579746961593628,0,0,0,0,0,0,0,0,0,0
3.585162401199341,0,0,0,0,0,0,0,0,0,0
3.5904107093811035,0,0,0,0,0,0,0,0,0,0
3.5957088470458984,0,0,0,0,0,0,0,0,0,0
3.601008176803589,0,0,0,0,0,0,0,0,0,0
3.6062490940093994,0,0,0,0,0,0,0,0,0,0
3.6115007400512695,0,0,0,0,0,0,0,0,0,0
3.6167335510253906,0,0,0,0,0,0,0,0,0,0
3.622009754180908,0,0,0,0,0,0,0,0,0,0
3.627243995666504,0,0,0,0,0,0,0,0,0,0
3.632511615753174,0,0,0,0,0,0,0,0,0,0
3.6377832889556885,0,0,0,0,0,0,0,0,0,0
3.643019199371338,0,0,0,0,0,0,0,0,0,0
3.648258924484253,0,0,0,0,0,0,0,0,0,0
3.653498411178589,0,0,0,0,0,0,0,0,0,0
3.658769369125366,0,0,0,0,0,0,0,0,0,0
3.664005756378174,0,0,0,0,0,0,0,0,0,0
3.6692774295806885,0,0,0,0,0,0,0,0,0,0
3.6745691299438477,0,0,0,0,0,0,0,0,0,0
3.6798079013824463,0,0,0,0,0,0,0,0,0,0
3.685054063796997,0,0,0,0,0,0,0,0,0,0
3.6903021335601807,0,0,0,0,0,0,0,0,0,0
3.6955666542053223,0,0,0,0,0,0,0,0,0,0
3.7008705139160156,0,0,0,0,0,0,0,0,0,0
3.7061479091644287,0,0,0,0,0,0,0,0,0,0
3.711421012878418,0,0,0,0,0,0,0,0,0,0
3.7167394161224365,0,0,0,0,0,0,0,0,0,0
3.7220394611358643,0,0,0,0,0,0,0,0,0,0
3.727342128753662,0,0,0,0,0,0,0,0,0,0
3.73272705078125,0,0,0,0,0,0,0,0,0,0
3.738095760345459,0,0,0,0,0,0,0,0,0,0
3.743350028991699,0,0,0,0,0,0,0,0,0,0
3.7486507892608643,0,0,0,0,0,0,0,0,0,0
3.753927230834961,0,0,0,0,0,0,0,0,0,0
3.759225845336914,0,0,0,0,0,0,0,0,0,0
3.7645251750946045,0,0,0,0,0,0,0,0,0,0
3.769883394241333,0,0,0,0,0,0,0,0,0,0
3.7751481533050537,0,0,0,0,0,0,0,0,0,0
3.780439853668213,0,0,0,0,0,0,0,0,0,0
3.7857394218444824,0,0,0,0,0,0,0,0,0,0
3.7910377979278564,0,0,0,0,0,0,0,0,0,0
3.7963385581970215,0,0,0,0,0,0,0,0,0,0
3.801621437072754,0,0,0,0,0,0,0,0,0,0
3.8069257736206055,0,0,0,0,0,0,0,0,0,0
3.8122267723083496,0,0,0,0,0,0,0,0,0,0
3.817528247833252,0,0,0,0,0,0,0,0,0,0
3.822728395462036,0,0,0,0,0,0,0,0,0,0
3.8280282020568848,0,0,0,0,0,0,0,0,0,0
3.8332936763763428,0,0,0,0,0,0,0,0,0,0
3.838597059249878,0,0,0,0,0,0,0,0,0,0
3.843860387802124,0,0,0,0,0,0,0,0,0,0
3.849160671234131,0,0,0,0,0,0,0,0,0,0
3.854459285736084,0,0,0,0,0,0,0,0,0,0
3.8597629070281982,0,0,0,0,0,0,0,0,0,0
3.8650248050689697,0,0,0,0,0,0,0,0,0,0
3.8703293800354004,0,0,0,0,0,0,0,0,0,0
3.875628709793091,0,0,0,0,0,0,0,0,0,0
3.8809282779693604,0,0,0,0,0,0,0,0,0,0
3.8862295150756836,0,0,0,0,0,0,0,0,0,0
3.891528606414795,0,0,0,0,0,0,0,0,0,0
3.8974030017852783,0,0,0,0,0,0,0,0,0,0
3.902773857116699,0,0,0,0,0,0,0,0,0,0
3.90809965133667,0,0,0,0,0,0,0,0,0,0
3.9133987426757812,0,0,0,0,0,0,0,0,0,0
3.9186978340148926,0,0,0,0,0,0,0,0,0,0
3.9239587783813477,0,0,0,0,0,0,0,0,0,0
3.9299380779266357,0,0,0,0,0,0,0,0,0,0
3.935323715209961,0,0,0,0,0,0,0,0,0,0
3.9406213760375977,0,0,0,0,0,0,0,0,0,0
3.945922613143921,0,0,0,0,0,0,0,0,0,0
3.951225519180298,0,0,0,0,0,0,0,0,0,0
3.9565064907073975,0,0,0,0,0,0,0,0,0,0
3.961766242980957,0,0,0,0,0,0,0,0,0,0
3.967068672180176,0,0,0,0,0,0,0,0,0,0
3.9723689556121826,0,0,0,0,0,0,0,0,0,0
3.9776711463928223,0,0,0,0,0,0,0,0,0,0
3.982897996902466,0,0,0,0,0,0,0,0,0,0
3.9881818294525146,0,0,0,0,0,0,0,0,0,0
3.993443012237549,0,0,0,0,0,0,0,0,0,0
3.9987480640411377,0,0,0,0,0,0,0,0,0,0
4.0040130615234375,0,0,0,0,0,0,0,0,0,0
4.0093138217926025,0,0,0,0,0,0,0,0,0,0
4.014615297317505,0,0,0,0,0,0,0,0,0,0
4.019897699356079,0,0,0,0,0,0,0,0,0,0
4.025170803070068,0,0,0,0,0,0,0,0,0,0
4.030470609664917,0,0,0,0,0,0,0,0,0,0
4.035770654678345,0,0,0,0,0,0,0,0,0,0
4.041025400161743,0,0,0,0,0,0,0,0,0,0
4.046324729919434,0,0,0,0,0,0,0,0,0,0
4.051609754562378,0,0,0,0,0,0,0,0,0,0
4.056819438934326,0,0,0,0,0,0,0,0,0,0
4.062079191207886,0,0,0,0,0,0,0,0,0,0
4.06738018989563,0,0,0,0,0,0,0,0,0,0
4.072765111923218,0,0,0,0,0,0,0,0,0,0
4.078063488006592,0,0,0,0,0,0,0,0,0,0
4.083294153213501,0,0,0,0,0,0,0,0,0,0
4.088568449020386,0,0,0,0,0,0,0,0,0,0
4.0938355922698975,0,0,0,0,0,0,0,0,0,0
4.099138498306274,0,0,0,0,0,0,0,0,0,0
4.104438066482544,0,0,0,0,0,0,0,0,0,0
4.10973858833313,0,0,0,0,0,0,0,0,0,0
4.115024566650391,0,0,0,0,0,0,0,0,0,0
4.120296955108643,0,0,0,0,0,0,0,0,0,0
4.125600099563599,0,0,0,0,0,0,0,0,0,0
4.130901098251343,0,0,0,0,0,0,0,0,0,0
4.136201858520508,0,0,0,0,0,0,0,0,0,0
4.141501188278198,0,0,0,0,0,0,0,0,0,0
4.146783113479614,0,0,0,0,0,0,0,0,0,0
4.1520562171936035,0,0,0,0,0,0,0,0,0,0
4.157354116439819,0,0,0,0,0,0,0,0,0,0
4.162653207778931,0,0,0,0,0,0,0,0,0,0
4.167955160140991,0,0,0,0,0,0,0,0,0,0
4.173180341720581,0,0,0,0,0,0,0,0,0,0
4.178920745849609,0,0,0,0,0,0,0,0,0,0
4.184217929840088,0,0,0,0,0,0,0,0,0,0
4.189516067504883,0,0,0,0,0,0,0,0,0,0
4.194843292236328,0,0,0,0,0,0,0,0,0,0
4.200145721435547,0,0,0,0,0,0,0,0,0,0
4.205442905426025,0,0,0,0,0,0,0,0,0,0
4.2107274532318115,0,0,0,0,0,0,0,0,0,0
4.215999126434326,0,0,0,0,0,0,0,0,0,0
4.221303224563599,0,0,0,0,0,0,0,0,0,0
4.226602554321289,0,0,0,0,0,0,0,0,0,0
4.231904029846191,0,0,0,0,0,0,0,0,0,0
4.237204313278198,0,0,0,0,0,0,0,0,0,0
4.242501497268677,0,0,0,0,0,0,0,0,0,0
4.247791051864624,0,0,0,0,0,0,0,0,0,0
4.253033638000488,0,0,0,0,0,0,0,0,0,0
4.25827693939209,0,0,0,0,0,0,0,0,0,0
4.2635228633880615,0,0,0,0,0,0,0,0,0,0
4.26882529258728,0,0,0,0,0,0,0,0,0,0
4.274075269699097,0,0,0,0,0,0,0,0,0,0
4.279348373413086,0,0,0,0,0,0,0,0,0,0
4.284647464752197,0,0,0,0,0,0,0,0,0,0
4.2899627685546875,0,0,0,0,0,0,0,0,0,0
4.295264005661011,0,0,0,0,0,0,0,0,0,0
4.300564289093018,0,0,0,0,0,0,0,0,0,0
4.30584979057312,0,0,0,0,0,0,0,0,0,0
4.3111231327056885,0,0,0,0,0,0,0,0,0,0
4.316423416137695,0,0,0,0,0,0,0,0,0,0
4.32172155380249,0,0,0,0,0,0,0,0,0,0
4.327018976211548,0,0,0,0,0,0,0,0,0,0
4.3323187828063965,0,0,0,0,0,0,0,0,0,0
4.337719678878784,0,0,0,0,0,0,0,0,0,0
4.3429741859436035,0,0,0,0,0,0,0,0,0,0
4.348275899887085,0,0,0,0,0,0,0,0,0,0
4.353517770767212,0,0,0,0,0,0,0,0,0,0
4.358818054199219,0,0,0,0,0,0,0,0,0,0
4.3641321659088135,0,0,0,0,0,0,0,0,0,0
4.369511365890503,0,0,0,0,0,0,0,0,0,0
4.374753475189209,0,0,0,0,0,0,0,0,0,0
4.380053520202637,0,0,0,0,0,0,0,0,0,0
4.385355710983276,0,0,0,0,0,0,0,0,0,0
4.3906543254852295,0,0,0,0,0,0,0,0,0,0
4.3959527015686035,0,0,0,0,0,0,0,0,0,0
4.401225328445435,0,0,0,0,0,0,0,0,0,0
4.406525135040283,0,0,0,0,0,0,0,0,0,0
4.411825180053711,0,0,0,0,0,0,0,0,0,0
4.417126417160034,0,0,0,0,0,0,0,0,0,0
4.422429084777832,0,0,0,0,0,0,0,0,0,0
4.427729606628418,0,0,0,0,0,0,0,0,0,0
4.432987213134766,0,0,0,0,0,0,0,0,0,0
4.438257455825806,0,0,0,0,0,0,0,0,0,0
4.4435248374938965,0,0,0,0,0,0,0,0,0,0
4.448825359344482,0,0,0,0,0,0,0,0,0,0
4.454089164733887,0,0,0,0,0,0,0,0,0,0
4.459391117095947,0,0,0,0,0,0,0,0,0,0
4.464675426483154,0,0,0,0,0,0,0,0,0,0
4.469982385635376,0,0,0,0,0,0,0,0,0,0
4.475281238555908,0,0,0,0,0,0,0,0,0,0
4.480584383010864,0,0,0,0,0,0,0,0,0,0
4.4858856201171875,0,0,0,0,0,0,0,0,0,0
4.491196632385254,0,0,0,0,0,0,0,0,0,0
4.497106075286865,0,0,0,0,0,0,0,0,0,0
4.502454996109009,0,0,0,0,0,0,0,0,0,0
4.507763147354126,0,0,0,0,0,0,0,0,0,0
4.5129876136779785,0,0,0,0,0,0,0,0,0,0
4.5182883739471436,0,0,0,0,0,0,0,0,0,0
4.523550510406494,0,0,0,0,0,0,0,0,0,0
4.52938985824585,0,0,0,0,0,0,0,0,0,0
4.534772872924805,0,0,0,0,0,0,0,0,0,0
4.5400755405426025,0,0,0,0,0,0,0,0,0,0
4.545375347137451,0,0,0,0,0,0,0,0,0,0
4.550674200057983,0,0,0,0,0,0,0,0,0,0
4.55595064163208,0,0,0,0,0,0,0,0,0,0
4.561341285705566,0,0,0,0,0,0,0,0,0,0
4.5666444301605225,0,0,0,0,0,0,0,0,0,0
4.571943759918213,0,0,0,0,0,0,0,0,0,0
4.577246427536011,0,0,0,0,0,0,0,0,0,0
4.582628011703491,0,0,0,0,0,0,0,0,0,0
4.587962627410889,0,0,0,0,0,0,0,0,0,0
4.593404769897461,0,0,0,0,0,0,0,0,0,0
4.5986716747283936,0,0,0,0,0,0,0,0,0,0
4.603973150253296,0,0,0,0,0,0,0,0,0,0
4.609211683273315,0,0,0,0,0,0,0,0,0,0
4.614474058151245,0,0,0,0,0,0,0,0,0,0
4.619753122329712,0,0,0,0,0,0,0,0,0,0
4.62501335144043,0,0,0,0,0,0,0,0,0,0
4.630315065383911,0,0,0,0,0,0,0,0,0,0
4.635610818862915,0,0,0,0,0,0,0,0,0,0
4.640888929367065,0,0,0,0,0,0,0,0,0,0
4.646188020706177,0,0,0,0,0,0,0,0,0,0
4.651470422744751,0,0,0,0,0,0,0,0,0,0
4.656757593154907,0,0,0,0,0,0,0,0,0,0
4.662062406539917,0,0,0,0,0,0,0,0,0,0
4.66736364364624,0,0,0,0,0,0,0,0,0,0
4.672761678695679,0,0,0,0,0,0,0,0,0,0
4.6780266761779785,0,0,0,0,0,0,0,0,0,0
4.683380126953125,0,0,0,0,0,0,0,0,0,0
4.688665866851807,0,0,0,0,0,0,0,0,0,0
4.6939311027526855,0,0,0,0,0,0,0,0,0,0
4.6992316246032715,0,0,0,0,0,0,0,0,0,0
4.70453405380249,0,0,0,0,0,0,0,0,0,0
4.709835529327393,0,0,0,0,0,0,0,0,0,0
4.7151947021484375,0,0,0,0,0,0,0,0,0,0
4.720523118972778,0,0,0,0,0,0,0,0,0,0
4.725820541381836,0,0,0,0,0,0,0,0,0,0
4.731120586395264,0,0,0,0,0,0,0,0,0,0
4.736420154571533,0,0,0,0,0,0,0,0,0,0
4.741721153259277,0,0,0,0,0,0,0,0,0,0
4.747016906738281,0,0,0,0,0,0,0,0,0,0
4.752286672592163,0,0,0,0,0,0,0,0,0,0
4.757584571838379,0,0,0,0,0,0,0,0,0,0
4.762787103652954,0,0,0,0,0,0,0,0,0,0
4.768086910247803,0,0,0,0,0,0,0,0,0,0
4.7733213901519775,0,0,0,0,0,0,0,0,0,0
4.778559684753418,0,0,0,0,0,0,0,0,0,0
4.7838122844696045,0,0,0,0,0,0,0,0,0,0
4.789112329483032,0,0,0,0,0,0,0,0,0,0
4.7944090366363525,0,0,0,0,0,0,0,0,0,0
4.799708843231201,0,0,0,0,0,0,0,0,0,0
4.805012941360474,0,0,0,0,0,0,0,0,0,0
4.810292720794678,0,0,0,0,0,0,0,0,0,0
4.815555095672607,0,0,0,0,0,0,0,0,0,0
4.820855379104614,0,0,0,0,0,0,0,0,0,0
4.826155424118042,0,0,0,0,0,0,0,0,0,0
4.831457138061523,0,0,0,0,0,0,0,0,0,0
4.8367695808410645,0,0,0,0,0,0,0,0,0,0
4.842061519622803,0,0,0,0,0,0,0,0,0,0
4.847349643707275,0,0,0,0,0,0,0,0,0,0
4.852661848068237,0,0,0,0,0,0,0,0,0,0
4.858013868331909,0,0,0,0,0,0,0,0,0,0
4.8632402420043945,0,0,0,0,0,0,0,0,0,0
4.868543863296509,0,0,0,0,0,0,0,0,0,0
4.873814344406128,0,0,0,0,0,0,0,0,0,0
4.879087209701538,0,0,0,0,0,0,0,0,0,0
4.884385824203491,0,0,0,0,0,0,0,0,0,0
4.889688968658447,0,0,0,0,0,0,0,0,0,0
4.89499044418335,0,0,0,0,0,0,0,0,0,0
4.9002885818481445,0,0,0,0,0,0,0,0,0,0
4.905548095703125,0,0,0,0,0,0,0,0,0,0
4.91085410118103,0,0,0,0,0,0,0,0,0,0
4.916158199310303,0,0,0,0,0,0,0,0,0,0
4.9214582443237305,0,0,0,0,0,0,0,0,0,0
4.926756381988525,0,0,0,0,0,0,0,0,0,0
4.932059049606323,0,0,0,0,0,0,0,0,0,0
4.937628746032715,0,0,0,0,0,0,0,0,0,0
4.942918300628662,0,0,0,0,0,0,0,0,0,0
4.948216676712036,0,0,0,0,0,0,0,0,0,0
4.9534831047058105,0,0,0,0,0,0,0,0,0,0
4.958785533905029,0,0,0,0,0,0,0,0,0,0
4.9640843868255615,0,0,0,0,0,0,0,0,0,0
4.970088243484497,0,0,0,0,0,0,0,0,0,0
4.975466728210449,0,0,0,0,0,0,0,0,0,0
4.980779647827148,0,0,0,0,0,0,0,0,0,0
4.986081838607788,0,0,0,0,0,0,0,0,0,0
4.991379737854004,0,0,0,0,0,0,0,0,0,0
4.996673107147217,0,0,0,0,0,0,0,0,0,0
5.002046585083008,0,0,0,0,0,0,0,0,0,0
5.00734281539917,0,0,0,0,0,0,0,0,0,0
5.0127112865448,0,0,0,0,0,0,0,0,0,0
5.017914056777954,0,0,0,0,0,0,0,0,0,0
5.0231544971466064,0,0,0,0,0,0,0,0,0,0
5.028447866439819,0,0,0,0,0,0,0,0,0,0
5.033834457397461,0,0,0,0,0,0,0,0,0,0
5.039038896560669,0,0,0,0,0,0,0,0,0,0
5.0442564487457275,0,0,0,0,0,0,0,0,0,0
5.049461603164673,0,0,0,0,0,0,0,0,0,0
5.054642200469971,0,0,0,0,0,0,0,0,0,0
5.059930086135864,0,0,0,0,0,0,0,0,0,0
5.065617561340332,0,0,0,0,0,0,0,0,0,0
5.070882081985474,0,0,0,0,0,0,0,0,0,0
5.0760579109191895,0,0,0,0,0,0,0,0,0,0
5.081665754318237,0,0,0,0,0,0,0,0,0,0
5.086925983428955,0,0,0,0,0,0,0,0,0,0
5.092094421386719,0,0,0,0,0,0,0,0,0,0
5.097881078720093,0,0,0,0,0,0,0,0,0,0
5.1031413078308105,0,0,0,0,0,0,0,0,0,0
5.108404159545898,0,0,0,0,0,0,0,0,0,0
5.11364221572876,0,0,0,0,0,0,0,0,0,0
5.1189446449279785,0,0,0,0,0,0,0,0,0,0
5.124195575714111,0,0,0,0,0,0,0,0,0,0
5.1294639110565186,0,0,0,0,0,0,0,0,0,0
5.134808301925659,0,0,0,0,0,0,0,0,0,0
5.140154838562012,0,0,0,0,0,0,0,0,0,0
5.145499229431152,0,0,0,0,0,0,0,0,0,0
5.15084171295166,0,0,0,0,0,0,0,0,0,0
5.156177043914795,0,0,0,0,0,0,0,0,0,0
5.161474704742432,0,0,0,0,0,0,0,0,0,0
5.16680908203125,0,0,0,0,0,0,0,0,0,0
5.1721510887146,0,0,0,0,0,0,0,0,0,0
5.177499771118164,0,0,0,0,0,0,0,0,0,0
5.182796001434326,0,0,0,0,0,0,0,0,0,0
5.188067674636841,0,0,0,0,0,0,0,0,0,0
5.193285226821899,0,0,0,0,0,0,0,0,0,0
5.1985859870910645,0,0,0,0,0,0,0,0,0,0
5.203854560852051,0,0,0,0,0,0,0,0,0,0
5.209144353866577,0,0,0,0,0,0,0,0,0,0
5.2144975662231445,0,0,0,0,0,0,0,0,0,0
5.219835042953491,0,0,0,0,0,0,0,0,0,0
5.225101947784424,0,0,0,0,0,0,0,0,0,0
5.23028564453125,0,0,0,0,0,0,0,0,0,0
5.235581159591675,0,0,0,0,0,0,0,0,0,0
5.240829944610596,0,0,0,0,0,0,0,0,0,0
5.246135711669922,0,0,0,0,0,0,0,0,0,0
5.251416444778442,0,0,0,0,0,0,0,0,0,0
5.2566938400268555,0,0,0,0,0,0,0,0,0,0
5.261964321136475,0,0,0,0,0,0,0,0,0,0
5.2672340869903564,0,0,0,0,0,0,0,0,0,0
5.273195743560791,0,0,0,0,0,0,0,0,0,0
5.2785279750823975,0,0,0,0,0,0,0,0,0,0
5.2837748527526855,0,0,0,0,0,0,0,0,0,0
5.289900779724121,0,0,0,0,0,0,0,0,0,0
5.295173406600952,0,0,0,0,0,0,0,0,0,0
5.30047607421875,0,0,0,0,0,0,0,0,0,0
5.305778741836548,0,0,0,0,0,0,0,0,0,0
5.311077833175659,0,0,0,0,0,0,0,0,0,0
5.3165123462677,0,0,0,0,0,0,0,0,0,0
5.3217878341674805,0,0,0,0,0,0,0,0,0,0
5.327051162719727,0,0,0,0,0,0,0,0,0,0
5.332351922988892,0,0,0,0,0,0,0,0,0,0
5.337652683258057,0,0,0,0,0,0,0,0,0,0
5.342869997024536,0,0,0,0,0,0,0,0,0,0
5.348299980163574,0,0,0,0,0,0,0,0,0,0
5.353560447692871,0,0,0,0,0,0,0,0,0,0
5.358800888061523,0,0,0,0,0,0,0,0,0,0
5.364067316055298,0,0,0,0,0,0,0,0,0,0
5.369370222091675,0,0,0,0,0,0,0,0,0,0
5.374684572219849,0,0,0,0,0,0,0,0,0,0
5.380023717880249,0,0,0,0,0,0,0,0,0,0
5.385300874710083,0,0,0,0,0,0,0,0,0,0
5.390601873397827,0,0,0,0,0,0,0,0,0,0
5.395899772644043,0,0,0,0,0,0,0,0,0,0
5.401201248168945,0,0,0,0,0,0,0,0,0,0
5.406503915786743,0,0,0,0,0,0,0,0,0,0
5.411916494369507,0,0,0,0,0,0,0,0,0,0
5.417182683944702,0,0,0,0,0,0,0,0,0,0
5.422483682632446,0,0,0,0,0,0,0,0,0,0
5.427783250808716,0,0,0,0,0,0,0,0,0,0
5.433017253875732,0,0,0,0,0,0,0,0,0,0
5.438281536102295,0,0,0,0,0,0,0,0,0,0
5.443633794784546,0,0,0,0,0,0,0,0,0,0
5.448915719985962,0,0,0,0,0,0,0,0,0,0
5.454219818115234,0,0,0,0,0,0,0,0,0,0
5.459520578384399,0,0,0,0,0,0,0,0,0,0
5.464825630187988,0,0,0,0,0,0,0,0,0,0
5.470129013061523,0,0,0,0,0,0,0,0,0,0
5.475381135940552,0,0,0,0,0,0,0,0,0,0
5.480755090713501,0,0,0,0,0,0,0,0,0,0
5.486062526702881,0,0,0,0,0,0,0,0,0,0
5.491415977478027,0,0,0,0,0,0,0,0,0,0
5.496728181838989,0,0,0,0,0,0,0,0,0,0
5.502031326293945,0,0,0,0,0,0,0,0,0,0
5.5073137283325195,0,0,0,0,0,0,0,0,0,0
5.512616395950317,0,0,0,0,0,0,0,0,0,0
5.5178375244140625,0,0,0,0,0,0,0,0,0,0
5.523041009902954,0,0,0,0,0,0,0,0,0,0
5.528339147567749,0,0,0,0,0,0,0,0,0,0
5.533601760864258,0,0,0,0,0,0,0,0,0,0
5.5388593673706055,0,0,0,0,0,0,0,0,0,0
5.544135570526123,0,0,0,0,0,0,0,0,0,0
5.549437046051025,0,0,0,0,0,0,0,0,0,0
5.554739475250244,0,0,0,0,0,0,0,0,0,0
5.560041904449463,0,0,0,0,0,0,0,0,0,0
5.565343141555786,0,0,0,0,0,0,0,0,0,0
5.570617437362671,0,0,0,0,0,0,0,0,0,0
5.575887441635132,0,0,0,0,0,0,0,0,0,0
5.581192255020142,0,0,0,0,0,0,0,0,0,0
5.586494207382202,0,0,0,0,0,0,0,0,0,0
5.591796636581421,0,0,0,0,0,0,0,0,0,0
5.597097635269165,0,0,0,0,0,0,0,0,0,0
5.602410316467285,0,0,0,0,0,0,0,0,0,0
5.607684373855591,0,0,0,0,0,0,0,0,0,0
5.612880706787109,0,0,0,0,0,0,0,0,0,0
5.618179559707642,0,0,0,0,0,0,0,0,0,0
5.62342095375061,0,0,0,0,0,0,0,0,0,0
5.628742694854736,0,0,0,0,0,0,0,0,0,0
5.633991003036499,0,0,0,0,0,0,0,0,0,0
5.639293432235718,0,0,0,0,0,0,0,0,0,0
5.644672393798828,0,0,0,0,0,0,0,0,0,0
5.650082111358643,0,0,0,0,0,0,0,0,0,0
5.6553850173950195,0,0,0,0,0,0,0,0,0,0
5.660700798034668,0,0,0,0,0,0,0,0,0,0
5.666000843048096,0,0,0,0,0,0,0,0,0,0
5.6713056564331055,0,0,0,0,0,0,0,0,0,0
5.676607847213745,0,0,0,0,0,0,0,0,0,0
5.681908845901489,0,0,0,0,0,0,0,0,0,0
5.687209844589233,0,0,0,0,0,0,0,0,0,0
5.6925132274627686,0,0,0,0,0,0,0,0,0,0
5.697964668273926,0,0,0,0,0,0,0,0,0,0
5.703336954116821,0,0,0,0,0,0,0,0,0,0
5.708688735961914,0,0,0,0,0,0,0,0,0,0
5.71399712562561,0,0,0,0,0,0,0,0,0,0
5.71930456161499,0,0,0,0,0,0,0,0,0,0
5.724666357040405,0,0,0,0,0,0,0,0,0,0
5.730586528778076,0,0,0,0,0,0,0,0,0,0
5.735959053039551,0,0,0,0,0,0,0,0,0,0
5.741309881210327,0,0,0,0,0,0,0,0,0,0
5.746655702590942,0,0,0,0,0,0,0,0,0,0
5.751999139785767,0,0,0,0,0,0,0,0,0,0
5.757331848144531,0,0,0,0,0,0,0,0,0,0
5.763043642044067,0,0,0,0,0,0,0,0,0,0
5.768311500549316,0,0,0,0,0,0,0,0,0,0
5.773576259613037,0,0,0,0,0,0,0,0,0,0
5.7788779735565186,0,0,0,0,0,0,0,0,0,0
5.784142971038818,0,0,0,0,0,0,0,0,0,0
5.7894251346588135,0,0,0,0,0,0,0,0,0,0
5.795048952102661,0,0,0,0,0,0,0,0,0,0
5.800318002700806,0,0,0,0,0,0,0,0,0,0
5.805619955062866,0,0,0,0,0,0,0,0,0,0
5.8109235763549805,0,0,0,0,0,0,0,0,0,0
5.816224098205566,0,0,0,0,0,0,0,0,0,0
5.821507692337036,0,0,0,0,0,0,0,0,0,0
5.827191591262817,0,0,0,0,0,0,0,0,0,0
5.832493782043457,0,0,0,0,0,0,0,0,0,0
5.83779764175415,0,0,0,0,0,0,0,0,0,0
5.843069553375244,0,0,0,0,0,0,0,0,0,0
5.848405599594116,0,0,0,0,0,0,0,0,0,0
5.8537304401397705,0,0,0,0,0,0,0,0,0,0
5.859727621078491,0,0,0,0,0,0,0,0,0,0
5.8650453090667725,0,0,0,0,0,0,0,0,0,0
5.8703906536102295,0,0,0,0,0,0,0,0,0,0
5.875656604766846,0,0,0,0,0,0,0,0,0,0
5.880959987640381,0,0,0,0,0,0,0,0,0,0
5.886243104934692,0,0,0,0,0,0,0,0,0,0
5.8915135860443115,0,0,0,0,0,0,0,0,0,0
5.896860599517822,0,0,0,0,0,0,0,0,0,0
5.902201890945435,0,0,0,0,0,0,0,0,0,0
5.9075422286987305,0,0,0,0,0,0,0,0,0,0
5.9129674434661865,0,0,0,0,0,0,0,0,0,0
5.918275833129883,0,0,0,0,0,0,0,0,0,0
5.923522710800171,0,0,0,0,0,0,0,0,0,0
5.928797721862793,0,0,0,0,0,0,0,0,0,0
5.934068202972412,0,0,0,0,0,0,0,0,0,0
5.939368724822998,0,0,0,0,0,0,0,0,0,0
5.944679021835327,0,0,0,0,0,0,0,0,0,0
5.9499616622924805,0,0,0,0,0,0,0,0,0,0
5.955235481262207,0,0,0,0,0,0,0,0,0,0
5.960503816604614,0,0,0,0,0,0,0,0,0,0
5.965802907943726,0,0,0,0,0,0,0,0,0,0
5.971336364746094,0,0,0,0,0,0,0,0,0,0
5.976611137390137,0,0,0,0,0,0,0,0,0,0
5.981913089752197,0,0,0,0,0,0,0,0,0,0
5.98766016960144,0,0,0,0,0,0,0,0,0,0
5.992871522903442,0,0,0,0,0,0,0,0,0,0
5.998169660568237,0,0,0,0,0,0,0,0,0,0
6.003394365310669,0,0,0,0,0,0,0,0,0,0
6.008709192276001,0,0,0,0,0,0,0,0,0,0
6.013957738876343,0,0,0,0,0,0,0,0,0,0
6.0193164348602295,0,0,0,0,0,0,0,0,0,0
6.024620056152344,0,0,0,0,0,0,0,0,0,0
6.029895305633545,0,0,0,0,0,0,0,0,0,0
6.035162687301636,0,0,0,0,0,0,0,0,0,0
6.040433406829834,0,0,0,0,0,0,0,0,0,0
6.045720100402832,0,0,0,0,0,0,0,0,0,0
6.050967454910278,0,0,0,0,0,0,0,0,0,0
6.056233167648315,0,0,0,0,0,0,0,0,0,0
6.061536073684692,0,0,0,0,0,0,0,0,0,0
6.066835880279541,0,0,0,0,0,0,0,0,0,0
6.072138547897339,0,0,0,0,0,0,0,0,0,0
6.077436923980713,0,0,0,0,0,0,0,0,0,0
6.082759618759155,0,0,0,0,0,0,0,0,0,0
6.088024854660034,0,0,0,0,0,0,0,0,0,0
6.093289136886597,0,0,0,0,0,0,0,0,0,0
6.098726749420166,0,0,0,0,0,0,0,0,0,0
6.103994369506836,0,0,0,0,0,0,0,0,0,0
6.109245300292969,0,0,0,0,0,0,0,0,0,0
6.114790201187134,0,0,0,0,0,0,0,0,0,0
6.120124340057373,0,0,0,0,0,0,0,0,0,0
6.1253342628479,0,0,0,0,0,0,0,0,0,0
6.130606174468994,0,0,0,0,0,0,0,0,0,0
6.135876417160034,0,0,0,0,0,0,0,0,0,0
6.14121675491333,0,0,0,0,0,0,0,0,0,0
6.146906137466431,0,0,0,0,0,0,0,0,0,0
6.152183532714844,0,0,0,0,0,0,0,0,0,0
6.1574766635894775,0,0,0,0,0,0,0,0,0,0
6.162842512130737,0,0,0,0,0,0,0,0,0,0
6.1681413650512695,0,0,0,0,0,0,0,0,0,0
6.173404693603516,0,0,0,0,0,0,0,0,0,0
6.178650617599487,0,0,0,0,0,0,0,0,0,0
6.183918237686157,0,0,0,0,0,0,0,0,0,0
6.189216136932373,0,0,0,0,0,0,0,0,0,0
6.194480895996094,0,0,0,0,0,0,0,0,0,0
6.199780225753784,0,0,0,0,0,0,0,0,0,0
6.205024003982544,0,0,0,0,0,0,0,0,0,0
6.21028470993042,0,0,0,0,0,0,0,0,0,0
6.215493202209473,0,0,0,0,0,0,0,0,0,0
6.22076678276062,0,0,0,0,0,0,0,0,0,0
6.22602915763855,0,0,0,0,0,0,0,0,0,0
6.231329917907715,0,0,0,0,0,0,0,0,0,0
6.236583471298218,0,0,0,0,0,0,0,0,0,0
6.2422285079956055,0,0,0,0,0,0,0,0,0,0
6.247533321380615,0,0,0,0,0,0,0,0,0,0
6.2528464794158936,0,0,0,0,0,0,0,0,0,0
6.258036375045776,0,0,0,0,0,0,0,0,0,0
6.263298511505127,0,0,0,0,0,0,0,0,0,0
6.268532991409302,0,0,0,0,0,0,0,0,0,0
6.27374267578125,0,0,0,0,0,0,0,0,0,0
6.278942346572876,0,0,0,0,0,0,0,0,0,0
6.2842042446136475,0,0,0,0,0,0,0,0,0,0
6.2894487380981445,0,0,0,0,0,0,0,0,0,0
6.294705629348755,0,0,0,0,0,0,0,0,0,0
6.299952983856201,0,0,0,0,0,0,0,0,0,0
6.305612087249756,0,0,0,0,0,0,0,0,0,0
6.310863018035889,0,0,0,0,0,0,0,0,0,0
6.316095352172852,0,0,0,0,0,0,0,0,0,0
6.321361541748047,0,0,0,0,0,0,0,0,0,0
6.3266308307647705,0,0,0,0,0,0,0,0,0,0
6.3318867683410645,0,0,0,0,0,0,0,0,0,0
6.3373401165008545,0,0,0,0,0,0,0,0,0,0
6.34251594543457,0,0,0,0,0,0,0,0,0,0
6.347742795944214,0,0,0,0,0,0,0,0,0,0
6.353031873703003,0,0,0,0,0,0,0,0,0,0
6.358339548110962,0,0,0,0,0,0,0,0,0,0
6.363644123077393,0,0,0,0,0,0,0,0,0,0
6.368939399719238,0,0,0,0,0,0,0,0,0,0
6.374241590499878,0,0,0,0,0,0,0,0,0,0
6.379527807235718,0,0,0,0,0,0,0,0,0,0
6.384860515594482,0,0,0,0,0,0,0,0,0,0
6.390194654464722,0,0,0,0,0,0,0,0,0,0
6.395481586456299,0,0,0,0,0,0,0,0,0,0
6.400772571563721,0,0,0,0,0,0,0,0,0,0
6.406083822250366,0,0,0,0,0,0,0,0,0,0
6.411426544189453,0,0,0,0,0,0,0,0,0,0
6.416701078414917,0,0,0,0,0,0,0,0,0,0
6.422043085098267,0,0,0,0,0,0,0,0,0,0
6.427371263504028,0,0,0,0,0,0,0,0,0,0
6.432786703109741,0,0,0,0,0,0,0,0,0,0
6.438079595565796,0,0,0,0,0,0,0,0,0,0
6.443347215652466,0,0,0,0,0,0,0,0,0,0
6.4486470222473145,0,0,0,0,0,0,0,0,0,0
6.4539220333099365,0,0,0,0,0,0,0,0,0,0
6.45920729637146,0,0,0,0,0,0,0,0,0,0
6.464443683624268,0,0,0,0,0,0,0,0,0,0
6.469709157943726,0,0,0,0,0,0,0,0,0,0
6.4749462604522705,0,0,0,0,0,0,0,0,0,0
6.4802141189575195,0,0,0,0,0,0,0,0,0,0
6.485518217086792,0,0,0,0,0,0,0,0,0,0
6.490769386291504,0,0,0,0,0,0,0,0,0,0
6.496047258377075,0,0,0,0,0,0,0,0,0,0
6.501389265060425,0,0,0,0,0,0,0,0,0,0
6.506734371185303,0,0,0,0,0,0,0,0,0,0
6.512273788452148,0,0,0,0,0,0,0,0,0,0
6.517520189285278,0,0,0,0,0,0,0,0,0,0
6.5227015018463135,0,0,0,0,0,0,0,0,0,0
6.528073787689209,0,0,0,0,0,0,0,0,0,0
6.53337550163269,0,0,0,0,0,0,0,0,0,0
6.538677215576172,0,0,0,0,0,0,0,0,0,0
6.543943405151367,0,0,0,0,0,0,0,0,0,0
6.549247741699219,0,0,0,0,0,0,0,0,0,0
6.554548978805542,0,0,0,0,0,0,0,0,0,0
6.559793472290039,0,0,0,0,0,0,0,0,0,0
6.565002918243408,0,0,0,0,0,0,0,0,0,0
6.570303201675415,0,0,0,0,0,0,0,0,0,0
6.57552433013916,0,0,0,0,0,0,0,0,0,0
6.580734014511108,0,0,0,0,0,0,0,0,0,0
6.586029529571533,0,0,0,0,0,0,0,0,0,0
6.591326951980591,0,0,0,0,0,0,0,0,0,0
6.596628665924072,0,0,0,0,0,0,0,0,0,0
6.601929426193237,0,0,0,0,0,0,0,0,0,0
6.607177019119263,0,0,0,0,0,0,0,0,0,0
6.612475872039795,0,0,0,0,0,0,0,0,0,0
6.617738485336304,0,0,0,0,0,0,0,0,0,0
6.622955799102783,0,0,0,0,0,0,0,0,0,0
6.628199815750122,0,0,0,0,0,0,0,0,0,0
6.633429765701294,0,0,0,0,0,0,0,0,0,0
6.638662815093994,0,0,0,0,0,0,0,0,0,0
6.643861532211304,0,0,0,0,0,0,0,0,0,0
6.649049520492554,0,0,0,0,0,0,0,0,0,0
6.654372453689575,0,0,0,0,0,0,0,0,0,0
6.6597137451171875,0,0,0,0,0,0,0,0,0,0
6.664964437484741,0,0,0,0,0,0,0,0,0,0
6.670297384262085,0,0,0,0,0,0,0,0,0,0
6.675580978393555,0,0,0,0,0,0,0,0,0,0
6.680914878845215,0,0,0,0,0,0,0,0,0,0
6.6861841678619385,0,0,0,0,0,0,0,0,0,0
6.6914026737213135,0,0,0,0,0,0,0,0,0,0
6.696677923202515,0,0,0,0,0,0,0,0,0,0
6.701945066452026,0,0,0,0,0,0,0,0,0,0
6.707221031188965,0,0,0,0,0,0,0,0,0,0
6.712454080581665,0,0,0,0,0,0,0,0,0,0
6.717722177505493,0,0,0,0,0,0,0,0,0,0
6.722917318344116,0,0,0,0,0,0,0,0,0,0
6.728171110153198,0,0,0,0,0,0,0,0,0,0
6.733434438705444,0,0,0,0,0,0,0,0,0,0
6.738684177398682,0,0,0,0,0,0,0,0,0,0
6.7439470291137695,0,0,0,0,0,0,0,0,0,0
6.749471426010132,0,0,0,0,0,0,0,0,0,0
6.754716634750366,0,0,0,0,0,0,0,0,0,0
6.759980916976929,0,0,0,0,0,0,0,0,0,0
6.7651753425598145,0,0,0,0,0,0,0,0,0,0
6.770430088043213,0,0,0,0,0,0,0,0,0,0
6.775665760040283,0,0,0,0,0,0,0,0,0,0
6.780922174453735,0,0,0,0,0,0,0,0,0,0
6.786243677139282,0,0,0,0,0,0,0,0,0,0
6.791463375091553,0,0,0,0,0,0,0,0,0,0
6.796773433685303,0,0,0,0,0,0,0,0,0,0
6.802015066146851,0,0,0,0,0,0,0,0,0,0
6.8073108196258545,0,0,0,0,0,0,0,0,0,0
6.812830686569214,0,0,0,0,0,0,0,0,0,0
6.818484306335449,0,0,0,0,0,0,0,0,0,0
6.823805093765259,0,0,0,0,0,0,0,0,0,0
6.829049348831177,0,0,0,0,0,0,0,0,0,0
6.834302186965942,0,0,0,0,0,0,0,0,0,0
6.839513301849365,0,0,0,0,0,0,0,0,0,0
6.844942569732666,0,0,0,0,0,0,0,0,0,0
6.850194454193115,0,0,0,0,0,0,0,0,0,0
6.855462551116943,0,0,0,0,0,0,0,0,0,0
6.860730409622192,0,0,0,0,0,0,0,0,0,0
6.865987777709961,0,0,0,0,0,0,0,0,0,0
6.871252775192261,0,0,0,0,0,0,0,0,0,0
6.876610994338989,0,0,0,0,0,0,0,0,0,0
6.881968975067139,0,0,0,0,0,0,0,0,0,0
6.887227296829224,0,0,0,0,0,0,0,0,0,0
6.892464637756348,0,0,0,0,0,0,0,0,0,0
6.897716999053955,0,0,0,0,0,0,0,0,0,0
6.902921199798584,0,0,0,0,0,0,0,0,0,0
6.908285140991211,0,0,0,0,0,0,0,0,0,0
6.91357159614563,0,0,0,0,0,0,0,0,0,0
6.918808698654175,0,0,0,0,0,0,0,0,0,0
6.924036026000977,0,0,0,0,0,0,0,0,0,0
6.9292662143707275,0,0,0,0,0,0,0,0,0,0
6.9345033168792725,0,0,0,0,0,0,0,0,0,0
6.939789056777954,0,0,0,0,0,0,0,0,0,0
6.945935487747192,0,0,0,0,0,0,0,0,0,0
6.951235771179199,0,0,0,0,0,0,0,0,0,0
6.956476926803589,0,0,0,0,0,0,0,0,0,0
6.961778402328491,0,0,0,0,0,0,0,0,0,0
6.967094421386719,0,0,0,0,0,0,0,0,0,0
6.972852945327759,0,0,0,0,0,0,0,0,0,0
6.978505373001099,0,0,0,0,0,0,0,0,0,0
6.98376989364624,0,0,0,0,0,0,0,0,0,0
6.98905348777771,0,0,0,0,0,0,0,0,0,0
6.994276762008667,0,0,0,0,0,0,0,0,0,0
6.999532222747803,0,0,0,0,0,0,0,0,0,0
7.004768371582031,0,0,0,0,0,0,0,0,0,0
7.010249614715576,0,0,0,0,0,0,0,0,0,0
7.015561819076538,0,0,0,0,0,0,0,0,0,0
7.020864963531494,0,0,0,0,0,0,0,0,0,0
7.0261640548706055,0,0,0,0,0,0,0,0,0,0
7.031432151794434,0,0,0,0,0,0,0,0,0,0
7.036801338195801,0,0,0,0,0,0,0,0,0,0
7.042080640792847,0,0,0,0,0,0,0,0,0,0
7.047345876693726,0,0,0,0,0,0,0,0,0,0
7.052685260772705,0,0,0,0,0,0,0,0,0,0
7.058030843734741,0,0,0,0,0,0,0,0,0,0
7.063273668289185,0,0,0,0,0,0,0,0,0,0
7.068677186965942,0,0,0,0,0,0,0,0,0,0
7.074427843093872,0,0,0,0,0,0,0,0,0,0
7.079620122909546,0,0,0,0,0,0,0,0,0,0
7.088760852813721,0,0,0,0,0,0,0,0,0,0
7.095504999160767,0,0,0,0,0,0,0,0,0,0
7.100810289382935,0,0,0,0,0,0,0,0,0,0
7.106102466583252,0,0,0,0,0,0,0,0,0,0
7.1118433475494385,0,0,0,0,0,0,0,0,0,0
7.117164134979248,0,0,0,0,0,0,0,0,0,0
7.122409343719482,0,0,0,0,0,0,0,0,0,0
7.127653121948242,0,0,0,0,0,0,0,0,0,0
7.1328253746032715,0,0,0,0,0,0,0,0,0,0
7.138013124465942,0,0,0,0,0,0,0,0,0,0
7.143611431121826,0,0,0,0,0,0,0,0,0,0
7.148842096328735,0,0,0,0,0,0,0,0,0,0
7.1540446281433105,0,0,0,0,0,0,0,0,0,0
7.159242868423462,0,0,0,0,0,0,0,0,0,0
7.164538383483887,0,0,0,0,0,0,0,0,0,0
7.169787883758545,0,0,0,0,0,0,0,0,0,0
7.175318956375122,0,0,0,0,0,0,0,0,0,0
7.1806182861328125,0,0,0,0,0,0,0,0,0,0
7.185883283615112,0,0,0,0,0,0,0,0,0,0
7.191136837005615,0,0,0,0,0,0,0,0,0,0
7.196400880813599,0,0,0,0,0,0,0,0,0,0
7.2016661167144775,0,0,0,0,0,0,0,0,0,0
7.207322120666504,0,0,0,0,0,0,0,0,0,0
7.212569236755371,0,0,0,0,0,0,0,0,0,0
7.217908620834351,0,0,0,0,0,0,0,0,0,0
7.223182678222656,0,0,0,0,0,0,0,0,0,0
7.228489637374878,0,0,0,0,0,0,0,0,0,0
7.233822345733643,0,0,0,0,0,0,0,0,0,0
7.23961877822876,0,0,0,0,0,0,0,0,0,0
7.244915723800659,0,0,0,0,0,0,0,0,0,0
7.250255823135376,0,0,0,0,0,0,0,0,0,0
7.255596160888672,0,0,0,0,0,0,0,0,0,0
7.260900020599365,0,0,0,0,0,0,0,0,0,0
7.266230583190918,0,0,0,0,0,0,0,0,0,0
7.271554231643677,0,0,0,0,0,0,0,0,0,0
7.276794910430908,0,0,0,0,0,0,0,0,0,0
7.282055854797363,0,0,0,0,0,0,0,0,0,0
7.287334203720093,0,0,0,0,0,0,0,0,0,0
7.292587995529175,0,0,0,0,0,0,0,0,0,0
7.29777979850769,0,0,0,0,0,0,0,0,0,0
7.30352520942688,0,0,0,0,0,0,0,0,0,0
7.308818340301514,0,0,0,0,0,0,0,0,0,0
7.314115524291992,0,0,0,0,0,0,0,0,0,0
7.3194260597229,0,0,0,0,0,0,0,0,0,0
7.32477068901062,0,0,0,0,0,0,0,0,0,0
7.330103874206543,0,0,0,0,0,0,0,0,0,0
7.335433721542358,0,0,0,0,0,0,0,0,0,0
7.34078311920166,0,0,0,0,0,0,0,0,0,0
7.346126317977905,0,0,0,0,0,0,0,0,0,0
7.351469039916992,0,0,0,0,0,0,0,0,0,0
7.356823444366455,0,0,0,0,0,0,0,0,0,0
7.36225438117981,0,0,0,0,0,0,0,0,0,0
7.3676440715789795,0,0,0,0,0,0,0,0,0,0
7.372894525527954,0,0,0,0,0,0,0,0,0,0
7.3782360553741455,0,0,0,0,0,0,0,0,0,0
7.383492708206177,0,0,0,0,0,0,0,0,0,0
7.388842821121216,0,0,0,0,0,0,0,0,0,0
7.39408802986145,0,0,0,0,0,0,0,0,0,0
7.399368524551392,0,0,0,0,0,0,0,0,0,0
7.404684066772461,0,0,0,0,0,0,0,0,0,0
7.409985542297363,0,0,0,0,0,0,0,0,0,0
7.415287971496582,0,0,0,0,0,0,0,0,0,0
7.42058801651001,0,0,0,0,0,0,0,0,0,0
7.425877571105957,0,0,0,0,0,0,0,0,0,0
7.4311487674713135,0,0,0,0,0,0,0,0,0,0
7.436449766159058,0,0,0,0,0,0,0,0,0,0
7.441713094711304,0,0,0,0,0,0,0,0,0,0
7.447017431259155,0,0,0,0,0,0,0,0,0,0
7.452316522598267,0,0,0,0,0,0,0,0,0,0
7.457608699798584,0,0,0,0,0,0,0,0,0,0
7.46284556388855,0,0,0,0,0,0,0,0,0,0
7.468145132064819,0,0,0,0,0,0,0,0,0,0
7.473447322845459,0,0,0,0,0,0,0,0,0,0
7.4787468910217285,0,0,0,0,0,0,0,0,0,0
7.4840123653411865,0,0,0,0,0,0,0,0,0,0
7.489233493804932,0,0,0,0,0,0,0,0,0,0
7.4944353103637695,0,0,0,0,0,0,0,0,0,0
7.499708652496338,0,0,0,0,0,0,0,0,0,0
7.504974126815796,0,0,0,0,0,0,0,0,0,0
7.510191202163696,0,0,0,0,0,0,0,0,0,0
7.515492916107178,0,0,0,0,0,0,0,0,0,0
7.520741939544678,0,0,0,0,0,0,0,0,0,0
7.5259575843811035,0,0,0,0,0,0,0,0,0,0
7.531229734420776,0,0,0,0,0,0,0,0,0,0
7.536499738693237,0,0,0,0,0,0,0,0,0,0
7.541733980178833,0,0,0,0,0,0,0,0,0,0
7.547003984451294,0,0,0,0,0,0,0,0,0,0
7.552287340164185,0,0,0,0,0,0,0,0,0,0
7.557499408721924,0,0,0,0,0,0,0,0,0,0
7.56280255317688,0,0,0,0,0,0,0,0,0,0
7.568078517913818,0,0,0,0,0,0,0,0,0,0
7.573288202285767,0,0,0,0,0,0,0,0,0,0
7.578562259674072,0,0,0,0,0,0,0,0,0,0
7.583776235580444,0,0,0,0,0,0,0,0,0,0
7.589278936386108,0,0,0,0,0,0,0,0,0,0
7.59454083442688,0,0,0,0,0,0,0,0,0,0
7.5998077392578125,0,0,0,0,0,0,0,0,0,0
7.605070352554321,0,0,0,0,0,0,0,0,0,0
7.610336065292358,0,0,0,0,0,0,0,0,0,0
7.615626335144043,0,0,0,0,0,0,0,0,0,0
7.62139105796814,0,0,0,0,0,0,0,0,0,0
7.626698017120361,0,0,0,0,0,0,0,0,0,0
7.632029294967651,0,0,0,0,0,0,0,0,0,0
7.637303590774536,0,0,0,0,0,0,0,0,0,0
7.642584323883057,0,0,0,0,0,0,0,0,0,0
7.647928476333618,0,0,0,0,0,0,0,0,0,0
7.653202533721924,0,0,0,0,0,0,0,0,0,0
7.6584858894348145,0,0,0,0,0,0,0,0,0,0
7.663792371749878,0,0,0,0,0,0,0,0,0,0
7.66942572593689,0,0,0,0,0,0,0,0,0,0
7.6747283935546875,0,0,0,0,0,0,0,0,0,0
7.679994821548462,0,0,0,0,0,0,0,0,0,0
7.68601131439209,0,0,0,0,0,0,0,0,0,0
7.691362142562866,0,0,0,0,0,0,0,0,0,0
7.6967082023620605,0,0,0,0,0,0,0,0,0,0
7.702043771743774,0,0,0,0,0,0,0,0,0,0
7.707348108291626,0,0,0,0,0,0,0,0,0,0
7.712671756744385,0,0,0,0,0,0,0,0,0,0
7.718252658843994,0,0,0,0,0,0,0,0,0,0
7.72344970703125,0,0,0,0,0,0,0,0,0,0
7.728722810745239,0,0,0,0,0,0,0,0,0,0
7.733989238739014,0,0,0,0,0,0,0,0,0,0
7.739289045333862,0,0,0,0,0,0,0,0,0,0
7.7445220947265625,0,0,0,0,0,0,0,0,0,0
7.749951124191284,0,0,0,0,0,0,0,0,0,0
7.75527024269104,0,0,0,0,0,0,0,0,0,0
7.760568141937256,0,0,0,0,0,0,0,0,0,0
7.765872240066528,0,0,0,0,0,0,0,0,0,0
7.771138429641724,0,0,0,0,0,0,0,0,0,0
7.776382684707642,0,0,0,0,0,0,0,0,0,0
7.781653881072998,0,0,0,0,0,0,0,0,0,0
7.7869579792022705,0,0,0,0,0,0,0,0,0,0
7.79219913482666,0,0,0,0,0,0,0,0,0,0
7.7975006103515625,0,0,0,0,0,0,0,0,0,0
7.802925109863281,0,0,0,0,0,0,0,0,0,0
7.808197975158691,0,0,0,0,0,0,0,0,0,0
7.813971281051636,0,0,0,0,0,0,0,0,0,0
7.819288492202759,0,0,0,0,0,0,0,0,0,0
7.824579954147339,0,0,0,0,0,0,0,0,0,0
7.8298845291137695,0,0,0,0,0,0,0,0,0,0
7.835160255432129,0,0,0,0,0,0,0,0,0,0
7.840441942214966,0,0,0,0,0,0,0,0,0,0
7.8460612297058105,0,0,0,0,0,0,0,0,0,0
7.8513617515563965,0,0,0,0,0,0,0,0,0,0
7.8566734790802,0,0,0,0,0,0,0,0,0,0
7.861974477767944,0,0,0,0,0,0,0,0,0,0
7.867277145385742,0,0,0,0,0,0,0,0,0,0
7.8725574016571045,0,0,0,0,0,0,0,0,0,0
7.878034591674805,0,0,0,0,0,0,0,0,0,0
7.883317470550537,0,0,0,0,0,0,0,0,0,0
7.888670206069946,0,0,0,0,0,0,0,0,0,0
7.8939528465271,0,0,0,0,0,0,0,0,0,0
7.899299621582031,0,0,0,0,0,0,0,0,0,0
7.904583930969238,0,0,0,0,0,0,0,0,0,0
7.9106292724609375,0,0,0,0,0,0,0,0,0,0
7.91597580909729,0,0,0,0,0,0,0,0,0,0
7.9213128089904785,0,0,0,0,0,0,0,0,0,0
7.926899433135986,0,0,0,0,0,0,0,0,0,0
7.932273864746094,0,0,0,0,0,0,0,0,0,0
7.937523603439331,0,0,0,0,0,0,0,0,0,0
7.9434638023376465,0,0,0,0,0,0,0,0,0,0
7.948854684829712,0,0,0,0,0,0,0,0,0,0
7.954150915145874,0,0,0,0,0,0,0,0,0,0
7.959822177886963,0,0,0,0,0,0,0,0,0,0
7.965143203735352,0,0,0,0,0,0,0,0,0,0
7.97046685218811,0,0,0,0,0,0,0,0,0,0
7.9764556884765625,0,0,0,0,0,0,0,0,0,0
7.981825351715088,0,0,0,0,0,0,0,0,0,0
7.98716139793396,0,0,0,0,0,0,0,0,0,0
7.992502689361572,0,0,0,0,0,0,0,0,0,0
7.997847318649292,0,0,0,0,0,0,0,0,0,0
8.003108978271484,0,0,0,0,0,0,0,0,0,0
8.009122133255005,0,0,0,0,0,0,0,0,0,0
8.014395236968994,0,0,0,0,0,0,0,0,0,0
8.019661903381348,0,0,0,0,0,0,0,0,0,0
8.024949073791504,0,0,0,0,0,0,0,0,0,0
8.03028154373169,0,0,0,0,0,0,0,0,0,0
8.035560607910156,0,0,0,0,0,0,0,0,0,0
8.040829420089722,0,0,0,0,0,0,0,0,0,0
8.04616641998291,0,0,0,0,0,0,0,0,0,0
8.051508903503418,0,0,0,0,0,0,0,0,0,0
8.056819438934326,0,0,0,0,0,0,0,0,0,0
8.062126636505127,0,0,0,0,0,0,0,0,0,0
8.06739854812622,0,0,0,0,0,0,0,0,0,0
8.073489427566528,0,0,0,0,0,0,0,0,0,0
8.078892707824707,0,0,0,0,0,0,0,0,0,0
8.084200143814087,0,0,0,0,0,0,0,0,0,0
8.089541912078857,0,0,0,0,0,0,0,0,0,0
8.094878435134888,0,0,0,0,0,0,0,0,0,0
8.100111484527588,0,0,0,0,0,0,0,0,0,0
8.105369567871094,0,0,0,0,0,0,0,0,0,0
8.11067509651184,0,0,0,0,0,0,0,0,0,0
8.116018295288086,0,0,0,0,0,0,0,0,0,0
8.121293544769287,0,0,0,0,0,0,0,0,0,0
8.126523494720459,0,0,0,0,0,0,0,0,0,0
8.13176941871643,0,0,0,0,0,0,0,0,0,0
8.137304782867432,0,0,0,0,0,0,0,0,0,0
8.142592191696167,0,0,0,0,0,0,0,0,0,0
8.147868394851685,0,0,0,0,0,0,0,0,0,0
8.153697729110718,0,0,0,0,0,0,0,0,0,0
8.159097671508789,0,0,0,0,0,0,0,0,0,0
8.16440224647522,0,0,0,0,0,0,0,0,0,0
8.17025351524353,0,0,0,0,0,0,0,0,0,0
8.175559043884277,0,0,0,0,0,0,0,0,0,0
8.180862665176392,0,0,0,0,0,0,0,0,0,0
8.186205863952637,0,0,0,0,0,0,0,0,0,0
8.19153881072998,0,0,0,0,0,0,0,0,0,0
8.196882247924805,0,0,0,0,0,0,0,0,0,0
8.202589750289917,0,0,0,0,0,0,0,0,0,0
8.207919597625732,0,0,0,0,0,0,0,0,0,0
8.213173866271973,0,0,0,0,0,0,0,0,0,0
8.218473196029663,0,0,0,0,0,0,0,0,0,0
8.223723888397217,0,0,0,0,0,0,0,0,0,0
8.229004144668579,0,0,0,0,0,0,0,0,0,0
8.234297275543213,0,0,0,0,0,0,0,0,0,0
8.239597082138062,0,0,0,0,0,0,0,0,0,0
8.244866371154785,0,0,0,0,0,0,0,0,0,0
8.250168085098267,0,0,0,0,0,0,0,0,0,0
8.255470752716064,0,0,0,0,0,0,0,0,0,0
8.260759592056274,0,0,0,0,0,0,0,0,0,0
8.266030311584473,0,0,0,0,0,0,0,0,0,0
8.2713303565979,0,0,0,0,0,0,0,0,0,0
8.276631355285645,0,0,0,0,0,0,0,0,0,0
8.281936168670654,0,0,0,0,0,0,0,0,0,0
8.287238121032715,0,0,0,0,0,0,0,0,0,0
8.29266357421875,0,0,0,0,0,0,0,0,0,0
8.297952890396118,0,0,0,0,0,0,0,0,0,0
8.303252458572388,0,0,0,0,0,0,0,0,0,0
8.308555126190186,0,0,0,0,0,0,0,0,0,0
8.313821792602539,0,0,0,0,0,0,0,0,0,0
8.319121360778809,0,0,0,0,0,0,0,0,0,0
8.324390411376953,0,0,0,0,0,0,0,0,0,0
8.329697847366333,0,0,0,0,0,0,0,0,0,0
8.335038661956787,0,0,0,0,0,0,0,0,0,0
8.340375423431396,0,0,0,0,0,0,0,0,0,0
8.345722198486328,0,0,0,0,0,0,0,0,0,0
8.351063251495361,0,0,0,0,0,0,0,0,0,0
8.356624126434326,0,0,0,0,0,0,0,0,0,0
8.362035274505615,0,0,0,0,0,0,0,0,0,0
8.367381572723389,0,0,0,0,0,0,0,0,0,0
8.372756004333496,0,0,0,0,0,0,0,0,0,0
8.378101110458374,0,0,0,0,0,0,0,0,0,0
8.383439302444458,0,0,0,0,0,0,0,0,0,0
8.388819932937622,0,0,0,0,0,0,0,0,0,0
8.394086599349976,0,0,0,0,0,0,0,0,0,0
8.399391174316406,0,0,0,0,0,0,0,0,0,0
8.404708862304688,0,0,0,0,0,0,0,0,0,0
8.409974813461304,0,0,0,0,0,0,0,0,0,0
8.415274858474731,0,0,0,0,0,0,0,0,0,0
8.42058801651001,0,0,0,0,0,0,0,0,0,0
8.425907373428345,0,0,0,0,0,0,0,0,0,0
8.431249380111694,0,0,0,0,0,0,0,0,0,0
8.436547040939331,0,0,0,0,0,0,0,0,0,0
8.441846370697021,0,0,0,0,0,0,0,0,0,0
8.447152376174927,0,0,0,0,0,0,0,0,0,0
8.452803611755371,0,0,0,0,0,0,0,0,0,0
8.458099603652954,0,0,0,0,0,0,0,0,0,0
8.463383197784424,0,0,0,0,0,0,0,0,0,0
8.468703031539917,0,0,0,0,0,0,0,0,0,0
8.474043130874634,0,0,0,0,0,0,0,0,0,0
8.479386329650879,0,0,0,0,0,0,0,0,0,0
8.484804153442383,0,0,0,0,0,0,0,0,0,0
8.490070104598999,0,0,0,0,0,0,0,0,0,0
8.495410919189453,0,0,0,0,0,0,0,0,0,0
8.500759363174438,0,0,0,0,0,0,0,0,0,0
8.506102800369263,0,0,0,0,0,0,0,0,0,0
8.511436939239502,0,0,0,0,0,0,0,0,0,0
8.51686692237854,0,0,0,0,0,0,0,0,0,0
8.522172927856445,0,0,0,0,0,0,0,0,0,0
8.527508974075317,0,0,0,0,0,0,0,0,0,0
8.53299069404602,0,0,0,0,0,0,0,0,0,0
8.538337707519531,0,0,0,0,0,0,0,0,0,0
8.54361343383789,0,0,0,0,0,0,0,0,0,0
8.548992395401001,0,0,0,0,0,0,0,0,0,0
8.554293632507324,0,0,0,0,0,0,0,0,0,0
8.559635639190674,0,0,0,0,0,0,0,0,0,0
8.564936876296997,0,0,0,0,0,0,0,0,0,0
8.57024621963501,0,0,0,0,0,0,0,0,0,0
8.575586557388306,0,0,0,0,0,0,0,0,0,0
8.580833911895752,0,0,0,0,0,0,0,0,0,0
8.58609652519226,0,0,0,0,0,0,0,0,0,0
8.591411113739014,0,0,0,0,0,0,0,0,0,0
8.596725702285767,0,0,0,0,0,0,0,0,0,0
8.602025985717773,0,0,0,0,0,0,0,0,0,0
8.60732364654541,0,0,0,0,0,0,0,0,0,0
8.612601280212402,0,0,0,0,0,0,0,0,0,0
8.6178719997406,0,0,0,0,0,0,0,0,0,0
8.623104572296143,0,0,0,0,0,0,0,0,0,0
8.6283700466156,0,0,0,0,0,0,0,0,0,0
8.6336350440979,0,0,0,0,0,0,0,0,0,0
8.638939142227173,0,0,0,0,0,0,0,0,0,0
8.644183158874512,0,0,0,0,0,0,0,0,0,0
8.649452686309814,0,0,0,0,0,0,0,0,0,0
8.654754877090454,0,0,0,0,0,0,0,0,0,0
8.660053491592407,0,0,0,0,0,0,0,0,0,0
8.665355443954468,0,0,0,0,0,0,0,0,0,0
8.670657396316528,0,0,0,0,0,0,0,0,0,0
8.67594051361084,0,0,0,0,0,0,0,0,0,0
8.681208610534668,0,0,0,0,0,0,0,0,0,0
8.686512231826782,0,0,0,0,0,0,0,0,0,0
8.691813230514526,0,0,0,0,0,0,0,0,0,0
8.69707989692688,0,0,0,0,0,0,0,0,0,0
8.702383279800415,0,0,0,0,0,0,0,0,0,0
8.707663536071777,0,0,0,0,0,0,0,0,0,0
8.712884664535522,0,0,0,0,0,0,0,0,0,0
8.71816635131836,0,0,0,0,0,0,0,0,0,0
8.72346806526184,0,0,0,0,0,0,0,0,0,0
8.728783369064331,0,0,0,0,0,0,0,0,0,0
8.734052658081055,0,0,0,0,0,0,0,0,0,0
8.739297151565552,0,0,0,0,0,0,0,0,0,0
8.744704961776733,0,0,0,0,0,0,0,0,0,0
8.749984979629517,0,0,0,0,0,0,0,0,0,0
8.755249977111816,0,0,0,0,0,0,0,0,0,0
8.761059045791626,0,0,0,0,0,0,0,0,0,0
8.766462087631226,0,0,0,0,0,0,0,0,0,0
8.771800994873047,0,0,0,0,0,0,0,0,0,0
8.777181148529053,0,0,0,0,0,0,0,0,0,0
8.782488107681274,0,0,0,0,0,0,0,0,0,0
8.78779149055481,0,0,0,0,0,0,0,0,0,0
8.79327917098999,0,0,0,0,0,0,0,0,0,0
8.798643350601196,0,0,0,0,0,0,0,0,0,0
8.80394697189331,0,0,0,0,0,0,0,0,0,0
8.809532642364502,0,0,0,0,0,0,0,0,0,0
8.814886331558228,0,0,0,0,0,0,0,0,0,0
8.82018780708313,0,0,0,0,0,0,0,0,0,0
8.825434684753418,0,0,0,0,0,0,0,0,0,0
8.830735445022583,0,0,0,0,0,0,0,0,0,0
8.836014747619629,0,0,0,0,0,0,0,0,0,0
8.841402530670166,0,0,0,0,0,0,0,0,0,0
8.846748352050781,0,0,0,0,0,0,0,0,0,0
8.852048397064209,0,0,0,0,0,0,0,0,0,0
8.857347965240479,0,0,0,0,0,0,0,0,0,0
8.862653017044067,0,0,0,0,0,0,0,0,0,0
8.867928504943848,0,0,0,0,0,0,0,0,0,0
8.873391389846802,0,0,0,0,0,0,0,0,0,0
8.878694534301758,0,0,0,0,0,0,0,0,0,0
8.883959293365479,0,0,0,0,0,0,0,0,0,0
8.889259576797485,0,0,0,0,0,0,0,0,0,0
8.894562482833862,0,0,0,0,0,0,0,0,0,0
8.899845600128174,0,0,0,0,0,0,0,0,0,0
8.905086994171143,0,0,0,0,0,0,0,0,0,0
8.910348653793335,0,0,0,0,0,0,0,0,0,0
8.915614604949951,0,0,0,0,0,0,0,0,0,0
8.920918226242065,0,0,0,0,0,0,0,0,0,0
8.926218509674072,0,0,0,0,0,0,0,0,0,0
8.93150019645691,0,0,0,0,0,0,0,0,0,0
8.936748743057251,0,0,0,0,0,0,0,0,0,0
8.94199514389038,0,0,0,0,0,0,0,0,0,0
8.94728422164917,0,0,0,0,0,0,0,0,0,0
8.95259404182434,0,0,0,0,0,0,0,0,0,0
8.957906484603882,0,0,0,0,0,0,0,0,0,0
8.963140726089478,0,0,0,0,0,0,0,0,0,0
8.968390226364136,0,0,0,0,0,0,0,0,0,0
8.973665952682495,0,0,0,0,0,0,0,0,0,0
8.97889256477356,0,0,0,0,0,0,0,0,0,0
8.984153509140015,0,0,0,0,0,0,0,0,0,0
8.989426136016846,0,0,0,0,0,0,0,0,0,0
8.994678020477295,0,0,0,0,0,0,0,0,0,0
8.99991512298584,0,0,0,0,0,0,0,0,0,0
9.005220413208008,0,0,0,0,0,0,0,0,0,0
9.010524988174438,0,0,0,0,0,0,0,0,0,0
9.015823602676392,0,0,0,0,0,0,0,0,0,0
9.021130084991455,0,0,0,0,0,0,0,0,0,0
9.02640986442566,0,0,0,0,0,0,0,0,0,0
9.031652927398682,0,0,0,0,0,0,0,0,0,0
9.036921739578247,0,0,0,0,0,0,0,0,0,0
9.042166471481323,0,0,0,0,0,0,0,0,0,0
9.047465085983276,0,0,0,0,0,0,0,0,0,0
9.052801132202148,0,0,0,0,0,0,0,0,0,0
9.05807089805603,0,0,0,0,0,0,0,0,0,0
9.063313245773315,0,0,0,0,0,0,0,0,0,0
9.068649768829346,0,0,0,0,0,0,0,0,0,0
9.073966979980469,0,0,0,0,0,0,0,0,0,0
9.079312086105347,0,0,0,0,0,0,0,0,0,0
9.084579467773438,0,0,0,0,0,0,0,0,0,0
9.089831829071045,0,0,0,0,0,0,0,0,0,0
9.095119714736938,0,0,0,0,0,0,0,0,0,0
9.100463151931763,0,0,0,0,0,0,0,0,0,0
9.105809688568115,0,0,0,0,0,0,0,0,0,0
9.11115288734436,0,0,0,0,0,0,0,0,0,0
9.116498708724976,0,0,0,0,0,0,0,0,0,0
9.121843814849854,0,0,0,0,0,0,0,0,0,0
9.12718677520752,0,0,0,0,0,0,0,0,0,0
9.132488250732422,0,0,0,0,0,0,0,0,0,0
9.137793064117432,0,0,0,0,0,0,0,0,0,0
9.142988204956055,0,0,0,0,0,0,0,0,0,0
9.148283958435059,0,0,0,0,0,0,0,0,0,0
9.153560638427734,0,0,0,0,0,0,0,0,0,0
9.158838510513306,0,0,0,0,0,0,0,0,0,0
9.164144277572632,0,0,0,0,0,0,0,0,0,0
9.16944408416748,0,0,0,0,0,0,0,0,0,0
9.174745321273804,0,0,0,0,0,0,0,0,0,0
9.180092334747314,0,0,0,0,0,0,0,0,0,0
9.185349941253662,0,0,0,0,0,0,0,0,0,0
9.19071650505066,0,0,0,0,0,0,0,0,0,0
9.196018934249878,0,0,0,0,0,0,0,0,0,0
9.201319932937622,0,0,0,0,0,0,0,0,0,0
9.206565141677856,0,0,0,0,0,0,0,0,0,0
9.211861371994019,0,0,0,0,0,0,0,0,0,0
9.217160940170288,0,0,0,0,0,0,0,0,0,0
9.222428321838379,0,0,0,0,0,0,0,0,0,0
9.227738618850708,0,0,0,0,0,0,0,0,0,0
9.232990264892578,0,0,0,0,0,0,0,0,0,0
9.23830270767212,0,0,0,0,0,0,0,0,0,0
9.243560314178467,0,0,0,0,0,0,0,0,0,0
9.248903274536133,0,0,0,0,0,0,0,0,0,0
9.254168033599854,0,0,0,0,0,0,0,0,0,0
9.259435176849365,0,0,0,0,0,0,0,0,0,0
9.26471209526062,0,0,0,0,0,0,0,0,0,0
9.269948244094849,0,0,0,0,0,0,0,0,0,0
9.275215148925781,0,0,0,0,0,0,0,0,0,0
9.28048062324524,0,0,0,0,0,0,0,0,0,0
9.285799980163574,0,0,0,0,0,0,0,0,0,0
9.291102409362793,0,0,0,0,0,0,0,0,0,0
9.296412229537964,0,0,0,0,0,0,0,0,0,0
9.30172324180603,0,0,0,0,0,0,0,0,0,0
9.307031154632568,0,0,0,0,0,0,0,0,0,0
9.312341690063477,0,0,0,0,0,0,0,0,0,0
9.317904949188232,0,0,0,0,0,0,0,0,0,0
9.323154926300049,0,0,0,0,0,0,0,0,0,0
9.328454971313477,0,0,0,0,0,0,0,0,0,0
9.333728790283203,0,0,0,0,0,0,0,0,0,0
9.33907151222229,0,0,0,0,0,0,0,0,0,0
9.344369888305664,0,0,0,0,0,0,0,0,0,0
9.349771499633789,0,0,0,0,0,0,0,0,0,0
9.355084419250488,0,0,0,0,0,0,0,0,0,0
9.3604257106781,0,0,0,0,0,0,0,0,0,0
9.365769147872925,0,0,0,0,0,0,0,0,0,0
9.371104955673218,0,0,0,0,0,0,0,0,0,0
9.376444578170776,0,0,0,0,0,0,0,0,0,0
9.381753921508789,0,0,0,0,0,0,0,0,0,0
9.387096166610718,0,0,0,0,0,0,0,0,0,0
9.392434358596802,0,0,0,0,0,0,0,0,0,0
9.397770643234253,0,0,0,0,0,0,0,0,0,0
9.40301513671875,0,0,0,0,0,0,0,0,0,0
9.40834665298462,0,0,0,0,0,0,0,0,0,0
9.413621425628662,0,0,0,0,0,0,0,0,0,0
9.418963432312012,0,0,0,0,0,0,0,0,0,0
9.42426085472107,0,0,0,0,0,0,0,0,0,0
9.429604768753052,0,0,0,0,0,0,0,0,0,0
9.434940576553345,0,0,0,0,0,0,0,0,0,0
9.440282583236694,0,0,0,0,0,0,0,0,0,0
9.445899963378906,0,0,0,0,0,0,0,0,0,0
9.45120644569397,0,0,0,0,0,0,0,0,0,0
9.456547021865845,0,0,0,0,0,0,0,0,0,0
9.461889266967773,0,0,0,0,0,0,0,0,0,0
9.467228651046753,0,0,0,0,0,0,0,0,0,0
9.472572326660156,0,0,0,0,0,0,0,0,0,0
9.47832727432251,0,0,0,0,0,0,0,0,0,0
9.48356294631958,0,0,0,0,0,0,0,0,0,0
9.488744258880615,0,0,0,0,0,0,0,0,0,0
9.493964195251465,0,0,0,0,0,0,0,0,0,0
9.499232053756714,0,0,0,0,0,0,0,0,0,0
9.504495620727539,0,0,0,0,0,0,0,0,0,0
9.509777069091797,0,0,0,0,0,0,0,0,0,0
9.515081882476807,0,0,0,0,0,0,0,0,0,0
9.520397663116455,0,0,0,0,0,0,0,0,0,0
9.52564024925232,0,0,0,0,0,0,0,0,0,0
9.530941247940063,0,0,0,0,0,0,0,0,0,0
9.536239385604858,0,0,0,0,0,0,0,0,0,0
9.54202675819397,0,0,0,0,0,0,0,0,0,0
9.547419548034668,0,0,0,0,0,0,0,0,0,0
9.552870750427246,0,0,0,0,0,0,0,0,0,0
9.558114528656006,0,0,0,0,0,0,0,0,0,0
9.56335186958313,0,0,0,0,0,0,0,0,0,0
9.568663597106934,0,0,0,0,0,0,0,0,0,0
9.573915481567383,0,0,0,0,0,0,0,0,0,0
9.579217195510864,0,0,0,0,0,0,0,0,0,0
9.584481954574585,0,0,0,0,0,0,0,0,0,0
9.589784383773804,0,0,0,0,0,0,0,0,0,0
9.595082998275757,0,0,0,0,0,0,0,0,0,0
9.600364208221436,0,0,0,0,0,0,0,0,0,0
9.605726480484009,0,0,0,0,0,0,0,0,0,0
9.611027717590332,0,0,0,0,0,0,0,0,0,0
9.61632776260376,0,0,0,0,0,0,0,0,0,0
