,servo_steering,gps,,,,,,,encoder,imu,,,,,,,,,,,,
timestamp,position,lat_min,lat_sec,long_min,long_sec,speed,heading,hdop,counts,accel_x,accel_y,accel_z,gyro_x,gyro_y,gyro_z,yaw,pitch,roll,quat_w,quat_x,quat_y,quat_z
0.05051255226135254,0,40,26.610000610351562,79,56.406402587890625,0.037039998918771744,0.89000004529953,273.1499938964844,2090,0.0,0.009999999776482582,-0.029999999329447746,0.002222222276031971,-0.002222222276031971,0.0,272.0625,-4.0625,2.125,0.71929931640625,3.96173095703125,0.01287841796875,0.69354248046875
0.11600518226623535,32,40,26.610000610351562,79,56.406402587890625,0.037039998918771744,0.89000004529953,273.1499938964844,2090,0.0,0.0,0.10999999940395355,0.0011111111380159855,-0.0011111111380159855,-0.0011111111380159855,272.0625,-4.0625,2.125,0.71929931640625,3.96173095703125,0.01287841796875,0.69354248046875
0.22146344184875488,48,40,26.610000610351562,79,56.406402587890625,0.037039998918771744,0.89000004529953,273.1499938964844,2090,-0.550000011920929,0.05999999865889549,0.10999999940395355,-0.002222222276031971,0.013333333656191826,0.013333333656191826,272.0625,-4.0625,2.125,0.71923828125,3.96160888671875,0.012939453125,0.693603515625
0.32500314712524414,52,40,26.610000610351562,79,56.406402587890625,0.037039998918771744,0.89000004529953,273.1499938964844,2090,-0.10999999940395355,0.029999999329447746,0.09000000357627869,-0.0011111111380159855,0.0055555556900799274,0.02777777798473835,271.9375,-4.0625,2.125,0.7186279296875,3.96197509765625,0.01263427734375,0.6942138671875
0.424863338470459,38,40,26.610000610351562,79,56.406402587890625,0.037039998918771744,0.89000004529953,36.560001373291016,2090,-0.10000000149011612,0.009999999776482582,0.019999999552965164,-0.0011111111380159855,-0.012222222052514553,0.03777777776122093,271.6875,-4.0625,2.0625,0.717041015625,3.9619140625,0.0128173828125,0.69586181640625
0.5271241664886475,3,40,26.610000610351562,79,56.406402587890625,0.037039998918771744,0.89000004529953,36.560001373291016,2090,-0.14000000059604645,-0.05000000074505806,0.17000000178813934,-0.0055555556900799274,0.0,0.05000000074505806,271.4375,-4.125,2.0625,0.7156982421875,3.96148681640625,0.01324462890625,0.69720458984375
0.6315748691558838,0,40,26.610000610351562,79,56.406402587890625,0.037039998918771744,0.89000004529953,36.560001373291016,2090,-0.019999999552965164,-0.23999999463558197,0.12999999523162842,0.0011111111380159855,-0.02222222276031971,0.042222220450639725,271.25,-4.0625,2.0625,0.71429443359375,3.9619140625,0.01287841796875,0.69873046875
0.736201286315918,0,40,26.610000610351562,79,56.406402587890625,0.037039998918771744,0.89000004529953,36.560001373291016,2090,-0.33000001311302185,0.0,0.029999999329447746,0.0033333334140479565,-0.035555556416511536,-0.042222220450639725,271.375,-4.125,2.0625,0.715087890625,3.961669921875,0.0130615234375,0.6978759765625
0.8365154266357422,0,40,26.610000610351562,79,56.406402587890625,0.037039998918771744,0.89000004529953,36.560001373291016,2091,-0.6000000238418579,0.05000000074505806,-0.07999999821186066,0.0011111111380159855,0.0,-0.009999999776482582,271.4375,-4.125,2.0625,0.71539306640625,3.96136474609375,0.01336669921875,0.697509765625
0.939702033996582,0,40,26.610000610351562,79,56.406402587890625,0.037039998918771744,0.89000004529953,36.560001373291016,2091,0.10000000149011612,0.019999999552965164,0.27000001072883606,-0.0011111111380159855,-0.0033333334140479565,0.009999999776482582,271.375,-4.0625,2.0625,0.715087890625,3.9620361328125,0.0126953125,0.6978759765625
1.0431911945343018,-28,40,26.610000610351562,79,56.406402587890625,0.037039998918771744,0.89000004529953,36.560001373291016,2091,0.07000000029802322,-0.009999999776482582,0.07000000029802322,0.002222222276031971,-0.02666666731238365,-0.006666666828095913,271.375,-4.0625,2.0625,0.715087890625,3.96185302734375,0.01287841796875,0.6978759765625
1.1474039554595947,-42,40,26.610000610351562,79,56.406402587890625,0.037039998918771744,0.89000004529953,36.560001373291016,2091,-0.5400000214576721,-0.05000000074505806,0.11999999731779099,-0.0011111111380159855,0.007777777966111898,-0.0055555556900799274,271.375,-4.0625,2.0625,0.715087890625,3.96173095703125,0.01287841796875,0.6978759765625
1.2542369365692139,-34,40,26.610000610351562,79,56.406402587890625,0.037039998918771744,0.89000004529953,36.560001373291016,2091,0.17000000178813934,-0.05999999865889549,-0.009999999776482582,0.002222222276031971,0.0,-0.03333333507180214,271.5,-4.0625,2.0625,0.7158203125,3.96185302734375,0.0126953125,0.69708251953125
1.3604059219360352,-23,40,26.610000610351562,79,56.406402587890625,0.037039998918771744,0.89000004529953,225.60000610351562,2091,0.05000000074505806,0.10999999940395355,0.019999999552965164,0.0033333334140479565,-0.004444444552063942,-0.03444444388151169,271.5625,-4.0625,2.0625,0.71630859375,3.9619140625,0.0126953125,0.69659423828125
1.4598464965820312,-23,40,26.610000610351562,79,56.406402587890625,0.037039998918771744,0.89000004529953,225.60000610351562,2091,-0.18000000715255737,0.0,-0.2800000011920929,0.0011111111380159855,0.0,-0.0033333334140479565,271.75,-4.125,2.125,0.71759033203125,3.9615478515625,0.012939453125,0.69525146484375
1.5621421337127686,-22,40,26.610000610351562,79,56.406402587890625,0.037039998918771744,0.89000004529953,225.60000610351562,2091,0.029999999329447746,-0.009999999776482582,-0.15000000596046448,-0.0011111111380159855,-0.015555555932223797,0.03222222253680229,271.625,-4.0,2.125,0.71649169921875,3.96209716796875,0.012451171875,0.69647216796875
1.6640284061431885,-20,40,26.610000610351562,79,56.406402587890625,0.037039998918771744,0.89000004529953,225.60000610351562,2091,0.07999999821186066,0.05000000074505806,0.2800000011920929,-0.0033333334140479565,0.018888888880610466,-0.007777777966111898,271.5625,-3.9375,2.0625,0.71630859375,3.96270751953125,0.01177978515625,0.69671630859375
1.7697865962982178,-20,40,26.610000610351562,79,56.406402587890625,0.037039998918771744,0.89000004529953,225.60000610351562,2091,-0.5899999737739563,-0.019999999552965164,-0.09000000357627869,0.0011111111380159855,0.0,-0.007777777966111898,271.625,-3.9375,2.125,0.71661376953125,3.9627685546875,0.01171875,0.69635009765625
1.8767850399017334,-22,40,26.610000610351562,79,56.406402587890625,0.037039998918771744,0.89000004529953,225.60000610351562,2091,0.38999998569488525,-0.019999999552965164,0.25,0.0,-0.006666666828095913,0.011111111380159855,271.5625,-3.9375,2.125,0.7164306640625,3.96258544921875,0.01190185546875,0.696533203125
1.9807991981506348,-20,40,26.610000610351562,79,56.406402587890625,0.037039998918771744,0.89000004529953,225.60000610351562,2091,0.25,-0.029999999329447746,0.10000000149011612,-0.002222222276031971,0.006666666828095913,-0.008888889104127884,271.5625,-3.875,2.0625,0.7164306640625,3.962890625,0.01165771484375,0.696533203125
2.086496114730835,-22,40,26.610000610351562,79,56.406402587890625,0.037039998918771744,0.89000004529953,225.60000610351562,2091,-0.1599999964237213,-0.07000000029802322,-0.03999999910593033,0.0033333334140479565,0.002222222276031971,-0.002222222276031971,271.5625,-3.875,2.125,0.71649169921875,3.96282958984375,0.01165771484375,0.696533203125
2.189870834350586,-22,40,26.610000610351562,79,56.406402587890625,0.037039998918771744,0.89000004529953,225.60000610351562,2091,0.17000000178813934,0.05000000074505806,0.019999999552965164,-0.0011111111380159855,-0.002222222276031971,-0.0011111111380159855,271.5625,-3.875,2.0625,0.7164306640625,3.96295166015625,0.0115966796875,0.696533203125
2.290400981903076,-22,40,26.610000610351562,79,56.406402587890625,0.037039998918771744,0.89000004529953,225.60000610351562,2091,-0.25,0.0,0.11999999731779099,0.0,-0.008888889104127884,-0.002222222276031971,271.5625,-3.9375,2.0625,0.7164306640625,3.9627685546875,0.01177978515625,0.696533203125
2.4014694690704346,-22,40,26.610000610351562,79,56.406402587890625,0.09260000288486481,0.89000004529953,172.75,2091,0.0,0.0,0.05000000074505806,0.0011111111380159855,-0.006666666828095913,0.0,271.5625,-3.9375,2.0625,0.7164306640625,3.9627685546875,0.01177978515625,0.696533203125
2.508253574371338,-20,40,26.610000610351562,79,56.406402587890625,0.09260000288486481,0.89000004529953,172.75,2091,0.029999999329447746,-0.019999999552965164,0.07000000029802322,0.0,0.0011111111380159855,0.0033333334140479565,271.5625,-3.9375,2.0625,0.7164306640625,3.96270751953125,0.0118408203125,0.696533203125
2.608293294906616,-20,40,26.610000610351562,79,56.406402587890625,0.09260000288486481,0.89000004529953,172.75,2091,-0.05000000074505806,-0.019999999552965164,-0.029999999329447746,0.002222222276031971,-0.006666666828095913,-0.0011111111380159855,271.5625,-3.9375,2.0625,0.7164306640625,3.96270751953125,0.0118408203125,0.696533203125
2.7170541286468506,-20,40,26.610000610351562,79,56.406402587890625,0.09260000288486481,0.89000004529953,172.75,2091,-0.03999999910593033,0.019999999552965164,0.12999999523162842,0.0,0.0,0.0033333334140479565,271.5625,-3.9375,2.0625,0.7164306640625,3.96270751953125,0.0118408203125,0.696533203125
2.8186497688293457,-20,40,26.610000610351562,79,56.406402587890625,0.09260000288486481,0.89000004529953,172.75,2091,-0.07000000029802322,0.0,0.10999999940395355,0.0,-0.0011111111380159855,0.0,271.5625,-3.9375,2.0625,0.7164306640625,3.96270751953125,0.0118408203125,0.696533203125
2.9203059673309326,-20,40,26.610000610351562,79,56.406402587890625,0.09260000288486481,0.89000004529953,172.75,2091,-0.029999999329447746,0.0,-0.029999999329447746,0.0,0.0011111111380159855,0.0,271.5625,-3.9375,2.0625,0.7164306640625,3.96270751953125,0.0118408203125,0.696533203125
3.021679162979126,-20,40,26.610000610351562,79,56.406402587890625,0.09260000288486481,0.89000004529953,172.75,2091,0.0,0.009999999776482582,0.10999999940395355,0.0,0.0,0.002222222276031971,271.5625,-3.9375,2.0625,0.7164306640625,3.96270751953125,0.01190185546875,0.696533203125
3.1284008026123047,-20,40,26.610000610351562,79,56.406402587890625,0.09260000288486481,0.89000004529953,172.75,2091,-0.019999999552965164,0.0,0.019999999552965164,0.0011111111380159855,0.0011111111380159855,0.0011111111380159855,271.5625,-3.9375,2.0625,0.7164306640625,3.96270751953125,0.01190185546875,0.696533203125
3.2339539527893066,-20,40,26.610000610351562,79,56.406402587890625,0.09260000288486481,0.89000004529953,172.75,2091,-0.029999999329447746,0.009999999776482582,0.03999999910593033,0.0,-0.002222222276031971,0.0,271.5625,-3.9375,2.0625,0.7164306640625,3.96270751953125,0.01190185546875,0.696533203125
3.339433431625366,-20,40,26.610000610351562,79,56.406402587890625,0.09260000288486481,0.89000004529953,172.75,2091,-0.019999999552965164,0.0,0.09000000357627869,0.0,0.0011111111380159855,-0.0011111111380159855,271.5625,-3.9375,2.0625,0.7164306640625,3.96270751953125,0.01190185546875,0.696533203125
3.4460363388061523,-20,40,26.610000610351562,79,56.406402587890625,0.055560000240802765,0.89000004529953,132.8800048828125,2091,-0.029999999329447746,-0.009999999776482582,0.009999999776482582,-0.002222222276031971,0.0,0.0011111111380159855,271.5625,-3.9375,2.0625,0.7164306640625,3.96270751953125,0.01190185546875,0.696533203125
3.5473215579986572,-2,40,26.610000610351562,79,56.406402587890625,0.055560000240802765,0.89000004529953,132.8800048828125,2091,-0.009999999776482582,0.0,0.10000000149011612,-0.0011111111380159855,0.002222222276031971,0.0,271.5625,-3.9375,2.0625,0.7164306640625,3.96270751953125,0.01190185546875,0.696533203125
3.6540677547454834,-2,40,26.610000610351562,79,56.406402587890625,0.055560000240802765,0.89000004529953,132.8800048828125,2091,0.25,0.05999999865889549,0.18000000715255737,-0.0011111111380159855,-0.0011111111380159855,0.0055555556900799274,271.5625,-3.9375,2.0625,0.7164306640625,3.96270751953125,0.01190185546875,0.696533203125
3.758687973022461,-2,40,26.610000610351562,79,56.406402587890625,0.055560000240802765,0.89000004529953,132.8800048828125,2091,0.019999999552965164,0.03999999910593033,0.029999999329447746,0.002222222276031971,-0.03333333507180214,0.031111111864447594,271.4375,-3.9375,2.0625,0.71563720703125,3.96282958984375,0.0118408203125,0.6973876953125
3.86242938041687,-2,40,26.610000610351562,79,56.406402587890625,0.055560000240802765,0.89000004529953,132.8800048828125,2091,1.059999942779541,0.009999999776482582,-0.019999999552965164,0.0011111111380159855,-0.006666666828095913,0.006666666828095913,271.375,-3.9375,2.0625,0.71514892578125,3.9627685546875,0.0118408203125,0.6978759765625
3.9644694328308105,-2,40,26.610000610351562,79,56.406402587890625,0.055560000240802765,0.89000004529953,132.8800048828125,2091,-0.5299999713897705,0.029999999329447746,0.05000000074505806,0.0011111111380159855,-0.012222222052514553,-0.0011111111380159855,271.4375,-3.9375,2.0625,0.71539306640625,3.96258544921875,0.01202392578125,0.6976318359375
4.073978900909424,0,40,26.610000610351562,79,56.406402587890625,0.055560000240802765,0.89000004529953,132.8800048828125,2091,-0.07999999821186066,0.07000000029802322,-0.05000000074505806,-0.002222222276031971,0.004444444552063942,0.0055555556900799274,271.4375,-3.9375,2.0625,0.71539306640625,3.9625244140625,0.01214599609375,0.6976318359375
4.1772541999816895,0,40,26.610000610351562,79,56.406402587890625,0.055560000240802765,0.89000004529953,132.8800048828125,2091,0.09000000357627869,-0.05999999865889549,0.10999999940395355,-0.002222222276031971,0.0033333334140479565,-0.0033333334140479565,271.4375,-4.0,2.0625,0.71539306640625,3.96246337890625,0.01214599609375,0.6976318359375
4.283750534057617,-17,40,26.610000610351562,79,56.406402587890625,0.055560000240802765,0.89000004529953,132.8800048828125,2091,0.03999999910593033,-0.009999999776482582,0.10999999940395355,0.0033333334140479565,0.013333333656191826,-0.002222222276031971,271.4375,-4.0,2.0625,0.71539306640625,3.96240234375,0.01220703125,0.6976318359375
4.387695074081421,-17,40,26.610000610351562,79,56.406402587890625,0.07407999783754349,0.89000004529953,172.52000427246094,2091,0.10000000149011612,-0.009999999776482582,0.09000000357627869,-0.0011111111380159855,0.008888889104127884,0.0033333334140479565,271.4375,-4.0,2.0625,0.71539306640625,3.9622802734375,0.0123291015625,0.6976318359375
4.489444971084595,-17,40,26.610000610351562,79,56.406402587890625,0.07407999783754349,0.89000004529953,172.52000427246094,2091,-0.009999999776482582,-0.009999999776482582,0.029999999329447746,0.0,0.002222222276031971,-0.0011111111380159855,271.4375,-4.0,2.0625,0.71539306640625,3.9622802734375,0.0123291015625,0.6976318359375
4.596413850784302,-26,40,26.610000610351562,79,56.406402587890625,0.07407999783754349,0.89000004529953,172.52000427246094,2091,-0.029999999329447746,0.0,0.0,0.002222222276031971,0.0055555556900799274,-0.023333333432674408,271.5,-4.0,2.0625,0.7159423828125,3.96209716796875,0.012451171875,0.697021484375
4.701505661010742,-26,40,26.610000610351562,79,56.406402587890625,0.07407999783754349,0.89000004529953,172.52000427246094,2091,-0.2800000011920929,-0.029999999329447746,0.0,-0.002222222276031971,-0.011111111380159855,-0.006666666828095913,271.5625,-4.0625,2.0625,0.7161865234375,3.96185302734375,0.01275634765625,0.69677734375
4.8077476024627686,-26,40,26.610000610351562,79,56.406402587890625,0.07407999783754349,0.89000004529953,172.52000427246094,2091,-0.27000001072883606,0.0,0.0,0.0011111111380159855,0.006666666828095913,-0.006666666828095913,271.5625,-4.0,2.0625,0.71630859375,3.9620361328125,0.01251220703125,0.69659423828125
4.9085774421691895,-23,40,26.610000610351562,79,56.406402587890625,0.07407999783754349,0.89000004529953,172.52000427246094,2091,-0.15000000596046448,0.009999999776482582,0.09000000357627869,0.0,-0.009999999776482582,0.0,271.5625,-4.0625,2.125,0.71630859375,3.96185302734375,0.0126953125,0.69659423828125
5.017881631851196,-23,40,26.610000610351562,79,56.406402587890625,0.07407999783754349,0.89000004529953,172.52000427246094,2091,0.009999999776482582,0.029999999329447746,0.05000000074505806,0.0,-0.006666666828095913,-0.002222222276031971,271.5625,-4.0625,2.0625,0.71630859375,3.9617919921875,0.01275634765625,0.69659423828125
5.1179821491241455,-23,40,26.610000610351562,79,56.406402587890625,0.07407999783754349,0.89000004529953,172.52000427246094,2091,0.009999999776482582,-0.009999999776482582,0.019999999552965164,-0.0033333334140479565,0.0011111111380159855,0.0011111111380159855,271.5625,-4.0625,2.0625,0.71630859375,3.9617919921875,0.01275634765625,0.69659423828125
5.220792531967163,-23,40,26.610000610351562,79,56.406402587890625,0.07407999783754349,0.89000004529953,172.52000427246094,2091,-0.05999999865889549,-0.009999999776482582,0.12999999523162842,0.002222222276031971,0.0011111111380159855,0.0033333334140479565,271.5625,-4.0625,2.0625,0.71630859375,3.9617919921875,0.01275634765625,0.69659423828125
5.329014778137207,-23,40,26.610000610351562,79,56.406402587890625,0.07407999783754349,0.89000004529953,172.52000427246094,2091,-0.05000000074505806,0.0,0.07000000029802322,0.002222222276031971,0.002222222276031971,-0.0011111111380159855,271.5625,-4.0625,2.0625,0.71630859375,3.9617919921875,0.01275634765625,0.69659423828125
5.42944860458374,-26,40,26.610000610351562,79,56.406402587890625,0.07407999783754349,0.89000004529953,105.20999908447266,2091,0.0,0.009999999776482582,0.029999999329447746,0.0011111111380159855,-0.0033333334140479565,-0.0011111111380159855,271.5625,-4.0625,2.0625,0.71630859375,3.9617919921875,0.01275634765625,0.69659423828125
5.536047458648682,-28,40,26.610000610351562,79,56.406402587890625,0.07407999783754349,0.89000004529953,105.20999908447266,2091,0.0,0.009999999776482582,0.05000000074505806,0.0033333334140479565,-0.0033333334140479565,-0.0011111111380159855,271.5625,-4.0625,2.0625,0.71630859375,3.9617919921875,0.01275634765625,0.69659423828125
5.640900611877441,-26,40,26.610000610351562,79,56.406402587890625,0.07407999783754349,0.89000004529953,105.20999908447266,2091,-0.019999999552965164,0.0,0.11999999731779099,0.0,0.004444444552063942,-0.002222222276031971,271.5625,-4.0625,2.0625,0.71630859375,3.9617919921875,0.0128173828125,0.69659423828125
5.743519306182861,-28,40,26.610000610351562,79,56.406402587890625,0.07407999783754349,0.89000004529953,105.20999908447266,2091,-0.019999999552965164,0.0,-0.019999999552965164,-0.0011111111380159855,0.0055555556900799274,0.002222222276031971,271.5625,-4.0625,2.0625,0.71630859375,3.9617919921875,0.0128173828125,0.69659423828125
5.850098609924316,-26,40,26.610000610351562,79,56.406402587890625,0.07407999783754349,0.89000004529953,105.20999908447266,2091,-0.1599999964237213,0.0,0.05999999865889549,-0.0011111111380159855,0.0033333334140479565,-0.002222222276031971,271.5625,-4.0625,2.0625,0.71630859375,3.9617919921875,0.01275634765625,0.69659423828125
5.955075740814209,-26,40,26.610000610351562,79,56.406402587890625,0.07407999783754349,0.89000004529953,105.20999908447266,2091,-0.029999999329447746,0.009999999776482582,0.09000000357627869,0.0011111111380159855,-0.002222222276031971,-0.0011111111380159855,271.5625,-4.0625,2.0625,0.71630859375,3.9617919921875,0.01275634765625,0.69659423828125
6.060151100158691,-26,40,26.610000610351562,79,56.406402587890625,0.07407999783754349,0.89000004529953,105.20999908447266,2091,-0.029999999329447746,0.0,-0.019999999552965164,0.0,0.0033333334140479565,0.0011111111380159855,271.5625,-4.0625,2.0625,0.71630859375,3.9617919921875,0.01275634765625,0.69659423828125
6.163976430892944,-28,40,26.610000610351562,79,56.406402587890625,0.07407999783754349,0.89000004529953,105.20999908447266,2091,0.019999999552965164,0.0,0.10000000149011612,-0.0011111111380159855,0.0011111111380159855,0.0011111111380159855,271.5625,-4.0625,2.0625,0.71630859375,3.9617919921875,0.01275634765625,0.69659423828125
6.267788648605347,-28,40,26.610000610351562,79,56.406402587890625,0.07407999783754349,0.89000004529953,105.20999908447266,2091,-0.03999999910593033,-0.009999999776482582,0.05000000074505806,0.0011111111380159855,0.002222222276031971,0.0,271.5625,-4.0625,2.0625,0.71630859375,3.9617919921875,0.01275634765625,0.69659423828125
6.374053239822388,-28,40,26.610000610351562,79,56.406402587890625,0.07407999783754349,0.89000004529953,105.20999908447266,2091,-0.03999999910593033,-0.009999999776482582,0.05000000074505806,0.0011111111380159855,0.002222222276031971,0.0,271.5625,-4.0625,2.0625,0.71630859375,3.9617919921875,0.01275634765625,0.69659423828125
6.479031801223755,-28,40,26.610000610351562,79,56.406402587890625,0.018519999459385872,0.89000004529953,128.4499969482422,2091,-0.03999999910593033,0.0,-0.009999999776482582,0.004444444552063942,-0.004444444552063942,-0.002222222276031971,271.5625,-4.0625,2.0625,0.71630859375,3.9617919921875,0.01275634765625,0.69659423828125
6.587196588516235,-24,40,26.610000610351562,79,56.406402587890625,0.018519999459385872,0.89000004529953,128.4499969482422,2091,-0.009999999776482582,0.009999999776482582,0.019999999552965164,0.0011111111380159855,-0.0011111111380159855,0.0011111111380159855,271.5625,-4.0625,2.0625,0.71630859375,3.9617919921875,0.01275634765625,0.69659423828125
6.692227125167847,-22,40,26.610000610351562,79,56.406402587890625,0.018519999459385872,0.89000004529953,128.4499969482422,2091,-0.07999999821186066,0.0,0.10999999940395355,0.0,0.004444444552063942,0.0011111111380159855,271.5625,-4.0625,2.0625,0.71630859375,3.9617919921875,0.01275634765625,0.69659423828125
6.7963056564331055,-22,40,26.610000610351562,79,56.406402587890625,0.018519999459385872,0.89000004529953,128.4499969482422,2091,0.009999999776482582,0.0,0.0,-0.0011111111380159855,0.0033333334140479565,0.0011111111380159855,271.5625,-4.0625,2.0625,0.71630859375,3.9617919921875,0.01275634765625,0.69659423828125
6.902243137359619,-22,40,26.610000610351562,79,56.406402587890625,0.018519999459385872,0.89000004529953,128.4499969482422,2091,-0.009999999776482582,-0.009999999776482582,0.07999999821186066,-0.0011111111380159855,0.0,-0.0011111111380159855,271.5625,-4.0625,2.0625,0.71630859375,3.9617919921875,0.01275634765625,0.69659423828125
7.009580612182617,-22,40,26.610000610351562,79,56.406402587890625,0.018519999459385872,0.89000004529953,128.4499969482422,2091,0.03999999910593033,-0.029999999329447746,0.05999999865889549,0.0,0.004444444552063942,0.002222222276031971,271.5625,-4.0625,2.0625,0.71630859375,3.9617919921875,0.01275634765625,0.69659423828125
7.11282205581665,-22,40,26.610000610351562,79,56.406402587890625,0.018519999459385872,0.89000004529953,128.4499969482422,2091,-0.019999999552965164,0.0,0.10000000149011612,0.0011111111380159855,0.0011111111380159855,0.0,271.5625,-4.0625,2.0625,0.71630859375,3.9617919921875,0.01275634765625,0.69659423828125
7.214345216751099,-22,40,26.610000610351562,79,56.406402587890625,0.018519999459385872,0.89000004529953,128.4499969482422,2091,0.0,0.0,0.09000000357627869,0.002222222276031971,-0.0011111111380159855,0.0,271.5625,-4.0625,2.0625,0.71630859375,3.9617919921875,0.01275634765625,0.69659423828125
7.3218183517456055,-24,40,26.610000610351562,79,56.406402587890625,0.018519999459385872,0.89000004529953,128.4499969482422,2091,-0.019999999552965164,0.0,0.029999999329447746,0.0033333334140479565,0.0,-0.0011111111380159855,271.5625,-4.0625,2.0625,0.71630859375,3.9617919921875,0.01275634765625,0.69659423828125
7.421493291854858,-30,40,26.610000610351562,79,56.406402587890625,0.037039998918771744,0.89000004529953,211.37001037597656,2091,0.0,0.0,0.05000000074505806,0.0011111111380159855,-0.0011111111380159855,-0.0011111111380159855,271.5625,-4.0625,2.0625,0.71630859375,3.9617919921875,0.01275634765625,0.69659423828125
7.525086402893066,-32,40,26.610000610351562,79,56.406402587890625,0.037039998918771744,0.89000004529953,211.37001037597656,2091,-0.029999999329447746,0.0,-0.019999999552965164,0.0,-0.004444444552063942,-0.0011111111380159855,271.5625,-4.0625,2.0625,0.71630859375,3.9617919921875,0.01275634765625,0.69659423828125
7.629929780960083,-32,40,26.610000610351562,79,56.406402587890625,0.037039998918771744,0.89000004529953,211.37001037597656,2091,-0.18000000715255737,-0.029999999329447746,0.20999999344348907,-0.0011111111380159855,-0.0011111111380159855,-0.007777777966111898,271.5625,-4.0625,2.0625,0.71630859375,3.9617919921875,0.01275634765625,0.69659423828125
7.73589563369751,-32,40,26.610000610351562,79,56.406402587890625,0.037039998918771744,0.89000004529953,211.37001037597656,2091,-0.05000000074505806,0.0,0.09000000357627869,0.0,0.007777777966111898,-0.0011111111380159855,271.5625,-4.0625,2.0625,0.71630859375,3.96185302734375,0.01275634765625,0.69659423828125
7.836245536804199,-32,40,26.610000610351562,79,56.406402587890625,0.037039998918771744,0.89000004529953,211.37001037597656,2091,0.029999999329447746,0.0,0.09000000357627869,-0.0011111111380159855,0.0,0.0,271.5625,-4.0625,2.0625,0.71630859375,3.96185302734375,0.01275634765625,0.69659423828125
7.9433372020721436,-32,40,26.610000610351562,79,56.406402587890625,0.037039998918771744,0.89000004529953,211.37001037597656,2091,-0.009999999776482582,0.0,0.05999999865889549,0.002222222276031971,-0.0033333334140479565,0.0,271.5625,-4.0625,2.0625,0.71630859375,3.96185302734375,0.01275634765625,0.69659423828125
8.049445152282715,-32,40,26.610000610351562,79,56.406402587890625,0.037039998918771744,0.89000004529953,211.37001037597656,2091,0.03999999910593033,0.009999999776482582,-0.019999999552965164,0.0,-0.0033333334140479565,0.0011111111380159855,271.5625,-4.0625,2.0625,0.71630859375,3.96185302734375,0.01275634765625,0.69659423828125
8.15109920501709,-32,40,26.610000610351562,79,56.406402587890625,0.037039998918771744,0.89000004529953,211.37001037597656,2091,-0.029999999329447746,0.0,0.10000000149011612,-0.0033333334140479565,0.002222222276031971,0.002222222276031971,271.5625,-4.0625,2.0625,0.71630859375,3.96185302734375,0.01275634765625,0.69659423828125
8.252352476119995,-32,40,26.610000610351562,79,56.406402587890625,0.037039998918771744,0.89000004529953,211.37001037597656,2091,0.0,0.009999999776482582,0.009999999776482582,0.0011111111380159855,-0.0011111111380159855,0.0,271.5625,-4.0625,2.0625,0.71630859375,3.96185302734375,0.01275634765625,0.69659423828125
8.352895975112915,-32,40,26.610000610351562,79,56.406402587890625,0.037039998918771744,0.89000004529953,211.37001037597656,2091,0.0,0.0,-0.03999999910593033,-0.0011111111380159855,-0.0033333334140479565,0.0,271.5625,-4.0625,2.0625,0.71630859375,3.96185302734375,0.01275634765625,0.69659423828125
8.459677696228027,-32,40,26.610000610351562,79,56.406402587890625,0.055560000240802765,0.89000004529953,203.87001037597656,2091,0.0,-0.009999999776482582,0.10000000149011612,-0.0011111111380159855,0.0033333334140479565,-0.0011111111380159855,271.5625,-4.0625,2.0625,0.71630859375,3.96185302734375,0.01275634765625,0.69659423828125
8.565510749816895,-32,40,26.610000610351562,79,56.406402587890625,0.055560000240802765,0.89000004529953,203.87001037597656,2091,0.0,0.0,0.0,0.0,0.0011111111380159855,0.0011111111380159855,271.5625,-4.0625,2.0625,0.71630859375,3.96185302734375,0.01275634765625,0.69659423828125
8.670687198638916,-32,40,26.610000610351562,79,56.406402587890625,0.055560000240802765,0.89000004529953,203.87001037597656,2091,0.009999999776482582,-0.019999999552965164,0.11999999731779099,-0.0011111111380159855,0.0,0.0,271.5625,-4.0625,2.0625,0.71630859375,3.96185302734375,0.01275634765625,0.69659423828125
8.773829221725464,-32,40,26.610000610351562,79,56.406402587890625,0.055560000240802765,0.89000004529953,203.87001037597656,2091,0.019999999552965164,0.0,0.07999999821186066,0.0011111111380159855,0.0033333334140479565,-0.0011111111380159855,271.5625,-4.0625,2.0625,0.71630859375,3.96185302734375,0.01275634765625,0.69659423828125
8.881070852279663,-32,40,26.610000610351562,79,56.406402587890625,0.055560000240802765,0.89000004529953,203.87001037597656,2091,0.0,-0.009999999776482582,0.019999999552965164,-0.0011111111380159855,0.0033333334140479565,0.0,271.5625,-4.0625,2.0625,0.71630859375,3.96185302734375,0.01275634765625,0.69659423828125
8.985538482666016,-32,40,26.610000610351562,79,56.406402587890625,0.055560000240802765,0.89000004529953,203.87001037597656,2091,-0.019999999552965164,-0.009999999776482582,0.1599999964237213,0.002222222276031971,0.002222222276031971,0.0,271.5625,-4.0625,2.0625,0.71630859375,3.96185302734375,0.01275634765625,0.69659423828125
9.088157415390015,-32,40,26.610000610351562,79,56.406402587890625,0.055560000240802765,0.89000004529953,203.87001037597656,2091,-0.019999999552965164,0.0,0.019999999552965164,0.0011111111380159855,-0.002222222276031971,0.0,271.5625,-4.0625,2.0625,0.71630859375,3.96185302734375,0.01275634765625,0.69659423828125
9.191059350967407,-32,40,26.610000610351562,79,56.406402587890625,0.055560000240802765,0.89000004529953,203.87001037597656,2091,-0.029999999329447746,0.0,0.14000000059604645,0.0011111111380159855,-0.0011111111380159855,0.002222222276031971,271.5625,-4.0625,2.0625,0.71630859375,3.96185302734375,0.01275634765625,0.69659423828125
9.293107509613037,-32,40,26.610000610351562,79,56.406402587890625,0.055560000240802765,0.89000004529953,203.87001037597656,2091,0.0,0.0,0.10000000149011612,0.0011111111380159855,0.002222222276031971,-0.002222222276031971,271.5625,-4.0625,2.0625,0.71630859375,3.96185302734375,0.01275634765625,0.69659423828125
9.395464897155762,-32,40,26.610000610351562,79,56.406402587890625,0.055560000240802765,0.89000004529953,172.77000427246094,2091,0.0,-0.009999999776482582,0.11999999731779099,-0.0011111111380159855,0.0011111111380159855,0.0,271.5625,-4.0625,2.0625,0.71630859375,3.96185302734375,0.01275634765625,0.69659423828125
9.503233671188354,-32,40,26.610000610351562,79,56.406402587890625,0.055560000240802765,0.89000004529953,172.77000427246094,2091,-0.009999999776482582,0.019999999552965164,0.03999999910593033,0.0,0.004444444552063942,0.0,271.5625,-4.0625,2.0625,0.71630859375,3.96185302734375,0.01275634765625,0.69659423828125
9.603754997253418,-32,40,26.610000610351562,79,56.406402587890625,0.055560000240802765,0.89000004529953,172.77000427246094,2091,0.0,-0.009999999776482582,-0.009999999776482582,0.0,0.0011111111380159855,-0.0011111111380159855,271.5625,-4.0625,2.0625,0.71630859375,3.96185302734375,0.01275634765625,0.69659423828125
9.705212593078613,-32,40,26.610000610351562,79,56.406402587890625,0.055560000240802765,0.89000004529953,172.77000427246094,2091,0.0,0.0,0.09000000357627869,0.0,0.002222222276031971,-0.0011111111380159855,271.5625,-4.0625,2.0625,0.71630859375,3.96185302734375,0.01275634765625,0.69659423828125
9.808236598968506,-32,40,26.610000610351562,79,56.406402587890625,0.055560000240802765,0.89000004529953,172.77000427246094,2091,0.009999999776482582,0.0,0.07999999821186066,0.002222222276031971,-0.0011111111380159855,0.0011111111380159855,271.5625,-4.0625,2.0625,0.71630859375,3.96185302734375,0.01275634765625,0.69659423828125
9.909398317337036,-32,40,26.610000610351562,79,56.406402587890625,0.055560000240802765,0.89000004529953,172.77000427246094,2091,-0.019999999552965164,0.0,0.15000000596046448,0.002222222276031971,-0.0033333334140479565,-0.002222222276031971,271.5625,-4.0625,2.0625,0.71630859375,3.96185302734375,0.01275634765625,0.69659423828125
10.015530824661255,-32,40,26.610000610351562,79,56.406402587890625,0.055560000240802765,0.89000004529953,172.77000427246094,2091,-0.009999999776482582,0.009999999776482582,0.07999999821186066,-0.0011111111380159855,0.0,0.0,271.5625,-4.0625,2.0625,0.71630859375,3.96185302734375,0.01275634765625,0.69659423828125
10.117202520370483,-32,40,26.610000610351562,79,56.406402587890625,0.055560000240802765,0.89000004529953,172.77000427246094,2091,0.0,0.0,0.0,-0.002222222276031971,0.0,0.0011111111380159855,271.5625,-4.0625,2.0625,0.71630859375,3.96185302734375,0.01275634765625,0.69659423828125
10.223627090454102,-32,40,26.610000610351562,79,56.406402587890625,0.055560000240802765,0.89000004529953,172.77000427246094,2091,0.019999999552965164,0.0,0.07000000029802322,0.0011111111380159855,0.0,0.0,271.5625,-4.0625,2.0625,0.71630859375,3.96185302734375,0.01275634765625,0.69659423828125
10.32674503326416,-32,40,26.610000610351562,79,56.406402587890625,0.055560000240802765,0.89000004529953,172.77000427246094,2091,0.009999999776482582,-0.009999999776482582,0.03999999910593033,0.0,-0.0011111111380159855,-0.0011111111380159855,271.5625,-4.0625,2.0625,0.71630859375,3.96185302734375,0.01275634765625,0.69659423828125
10.433312177658081,-32,40,26.610000610351562,79,56.406402587890625,0.018519999459385872,0.89000004529953,60.20000076293945,2091,-0.009999999776482582,0.019999999552965164,0.07999999821186066,-0.002222222276031971,0.0011111111380159855,-0.0033333334140479565,271.5625,-4.0625,2.0625,0.71630859375,3.96185302734375,0.01275634765625,0.69659423828125
10.534680604934692,-32,40,26.610000610351562,79,56.406402587890625,0.018519999459385872,0.89000004529953,60.20000076293945,2091,-0.019999999552965164,0.009999999776482582,-0.019999999552965164,0.0011111111380159855,0.0,0.0011111111380159855,271.5625,-4.0625,2.0625,0.71630859375,3.96185302734375,0.01275634765625,0.69659423828125
10.641332626342773,-36,40,26.610000610351562,79,56.406402587890625,0.018519999459385872,0.89000004529953,60.20000076293945,2091,0.03999999910593033,0.0,0.10000000149011612,0.0,0.0,-0.0011111111380159855,271.5625,-4.0625,2.0625,0.71630859375,3.96185302734375,0.01275634765625,0.69659423828125
10.742518901824951,-38,40,26.610000610351562,79,56.406402587890625,0.018519999459385872,0.89000004529953,60.20000076293945,2091,-0.12999999523162842,-0.009999999776482582,0.029999999329447746,0.0,0.0,-0.004444444552063942,271.5625,-4.0625,2.0625,0.71630859375,3.96185302734375,0.01275634765625,0.69659423828125
10.84383249282837,-38,40,26.610000610351562,79,56.406402587890625,0.018519999459385872,0.89000004529953,60.20000076293945,2091,0.05999999865889549,-0.009999999776482582,-0.05000000074505806,-0.0011111111380159855,-0.0011111111380159855,-0.004444444552063942,271.5625,-4.0625,2.0625,0.71630859375,3.96185302734375,0.01275634765625,0.69659423828125
10.943881273269653,-38,40,26.610000610351562,79,56.406402587890625,0.018519999459385872,0.89000004529953,60.20000076293945,2091,0.03999999910593033,0.0,0.05000000074505806,0.0,0.002222222276031971,-0.002222222276031971,271.5625,-4.0625,2.0625,0.71630859375,3.96185302734375,0.01275634765625,0.69659423828125
11.047220706939697,-38,40,26.610000610351562,79,56.406402587890625,0.018519999459385872,0.89000004529953,60.20000076293945,2091,0.0,0.0,0.07000000029802322,-0.0011111111380159855,-0.0011111111380159855,0.0,271.5625,-4.0625,2.0625,0.71630859375,3.96185302734375,0.01275634765625,0.69659423828125
11.151829242706299,-40,40,26.610000610351562,79,56.406402587890625,0.018519999459385872,0.89000004529953,60.20000076293945,2091,-0.17000000178813934,0.0,0.10999999940395355,0.0,0.0,0.002222222276031971,271.5625,-4.0625,2.0625,0.71630859375,3.96185302734375,0.01275634765625,0.69659423828125
11.259148359298706,-40,40,26.610000610351562,79,56.406402587890625,0.018519999459385872,0.89000004529953,60.20000076293945,2091,-0.10000000149011612,0.0,0.09000000357627869,0.0011111111380159855,-0.002222222276031971,-0.002222222276031971,271.5625,-4.0625,2.0625,0.71630859375,3.96185302734375,0.01275634765625,0.69659423828125
11.360386371612549,-40,40,26.610000610351562,79,56.406402587890625,0.018519999459385872,0.89000004529953,60.20000076293945,2091,-0.11999999731779099,0.009999999776482582,0.019999999552965164,-0.0011111111380159855,0.0011111111380159855,0.0,271.5625,-4.0625,2.0625,0.71630859375,3.96185302734375,0.01275634765625,0.69659423828125
11.463306665420532,-40,40,26.609901428222656,79,56.406402587890625,0.018519999459385872,0.89000004529953,106.47000122070312,2091,-0.07999999821186066,0.0,-0.009999999776482582,0.0,-0.002222222276031971,0.0011111111380159855,271.5625,-4.0625,2.0625,0.71630859375,3.96185302734375,0.01275634765625,0.69659423828125
11.5701162815094,-40,40,26.609901428222656,79,56.406402587890625,0.018519999459385872,0.89000004529953,106.47000122070312,2091,-0.03999999910593033,0.0,-0.029999999329447746,0.0011111111380159855,0.0011111111380159855,0.0,271.5625,-4.0625,2.0625,0.71630859375,3.96185302734375,0.01275634765625,0.69659423828125
11.677659511566162,-38,40,26.609901428222656,79,56.406402587890625,0.018519999459385872,0.89000004529953,106.47000122070312,2091,-0.019999999552965164,0.0,0.10999999940395355,0.0,0.0011111111380159855,0.002222222276031971,271.5625,-4.0625,2.0625,0.71630859375,3.96185302734375,0.01275634765625,0.69659423828125
11.776633977890015,-38,40,26.609901428222656,79,56.406402587890625,0.018519999459385872,0.89000004529953,106.47000122070312,2091,0.009999999776482582,0.0,0.03999999910593033,0.0,-0.002222222276031971,0.002222222276031971,271.5625,-4.0625,2.0625,0.71630859375,3.96185302734375,0.01275634765625,0.69659423828125
11.878497838973999,-40,40,26.609901428222656,79,56.406402587890625,0.018519999459385872,0.89000004529953,106.47000122070312,2091,0.019999999552965164,0.009999999776482582,0.11999999731779099,-0.0011111111380159855,-0.0011111111380159855,-0.0011111111380159855,271.5625,-4.0625,2.0625,0.71630859375,3.96185302734375,0.01275634765625,0.69659423828125
11.985297203063965,-36,40,26.609901428222656,79,56.406402587890625,0.018519999459385872,0.89000004529953,106.47000122070312,2091,-0.03999999910593033,0.0,0.18000000715255737,0.0011111111380159855,0.004444444552063942,-0.0011111111380159855,271.5625,-4.0625,2.0625,0.71630859375,3.96185302734375,0.01275634765625,0.69659423828125
12.085078001022339,-36,40,26.609901428222656,79,56.406402587890625,0.018519999459385872,0.89000004529953,106.47000122070312,2091,-0.05999999865889549,0.009999999776482582,0.009999999776482582,-0.0011111111380159855,-0.0011111111380159855,0.0,271.5625,-4.0625,2.0625,0.71630859375,3.96185302734375,0.01275634765625,0.69659423828125
12.193742036819458,-36,40,26.609901428222656,79,56.406402587890625,0.018519999459385872,0.89000004529953,106.47000122070312,2091,-0.03999999910593033,-0.019999999552965164,0.11999999731779099,0.0,0.0,0.0011111111380159855,271.5625,-4.0625,2.0625,0.71630859375,3.96185302734375,0.01275634765625,0.69659423828125
12.301692485809326,-36,40,26.609901428222656,79,56.406402587890625,0.018519999459385872,0.89000004529953,106.47000122070312,2091,-0.009999999776482582,0.0,0.07000000029802322,-0.0011111111380159855,-0.0011111111380159855,0.002222222276031971,271.5625,-4.0625,2.0625,0.71630859375,3.96185302734375,0.01275634765625,0.69659423828125
12.405004739761353,-36,40,26.609901428222656,79,56.406402587890625,0.055560000240802765,0.89000004529953,175.72999572753906,2091,0.009999999776482582,0.0,0.07999999821186066,0.0011111111380159855,-0.004444444552063942,-0.0011111111380159855,271.5625,-4.0625,2.0625,0.71630859375,3.96185302734375,0.01275634765625,0.69659423828125
12.507552862167358,-36,40,26.609901428222656,79,56.406402587890625,0.055560000240802765,0.89000004529953,175.72999572753906,2091,0.009999999776482582,0.029999999329447746,-0.009999999776482582,0.0011111111380159855,0.0011111111380159855,0.0,271.5625,-4.0625,2.0625,0.71630859375,3.96185302734375,0.01275634765625,0.69659423828125
12.6128249168396,-32,40,26.609901428222656,79,56.406402587890625,0.055560000240802765,0.89000004529953,175.72999572753906,2091,0.27000001072883606,0.07999999821186066,0.10999999940395355,0.0,-0.013333333656191826,-0.007777777966111898,271.5625,-4.0625,2.0625,0.71630859375,3.96197509765625,0.0125732421875,0.69659423828125
12.717789888381958,-32,40,26.609901428222656,79,56.406402587890625,0.055560000240802765,0.89000004529953,175.72999572753906,2091,-0.15000000596046448,-0.07999999821186066,0.019999999552965164,0.002222222276031971,-0.0033333334140479565,0.0033333334140479565,271.5625,-4.0625,2.0625,0.71636962890625,3.96185302734375,0.01275634765625,0.696533203125
12.825676918029785,-30,40,26.609901428222656,79,56.406402587890625,0.055560000240802765,0.89000004529953,175.72999572753906,2091,-0.11999999731779099,0.05000000074505806,0.10000000149011612,0.0,-0.0011111111380159855,-0.004444444552063942,271.5625,-4.0,2.0625,0.71636962890625,3.9620361328125,0.01251220703125,0.69659423828125
12.926628828048706,-24,40,26.609901428222656,79,56.406402587890625,0.055560000240802765,0.89000004529953,175.72999572753906,2091,0.009999999776482582,-0.11999999731779099,0.10999999940395355,0.0,-0.004444444552063942,0.002222222276031971,271.5625,-4.0,2.125,0.71636962890625,3.96197509765625,0.012451171875,0.69659423828125
13.03369426727295,-24,40,26.609901428222656,79,56.406402587890625,0.055560000240802765,0.89000004529953,175.72999572753906,2091,0.25,0.03999999910593033,0.029999999329447746,0.0033333334140479565,0.0,0.0,271.5625,-4.0,2.125,0.71636962890625,3.962158203125,0.01239013671875,0.69659423828125
13.136297464370728,-20,40,26.609901428222656,79,56.406402587890625,0.055560000240802765,0.89000004529953,175.72999572753906,2091,0.3700000047683716,0.23999999463558197,0.25,-0.002222222276031971,-0.009999999776482582,0.008888889104127884,271.5625,-4.0,2.0625,0.71630859375,3.962158203125,0.01239013671875,0.69659423828125
13.24130654335022,-16,40,26.609901428222656,79,56.406402587890625,0.055560000240802765,0.89000004529953,175.72999572753906,2091,0.10000000149011612,0.09000000357627869,0.23999999463558197,0.0,-0.007777777966111898,-0.002222222276031971,271.5625,-4.0,2.0,0.71630859375,3.9627685546875,0.01275634765625,0.6966552734375
13.346244096755981,-16,40,26.609901428222656,79,56.406402587890625,0.055560000240802765,0.89000004529953,175.72999572753906,2091,0.18000000715255737,0.019999999552965164,0.12999999523162842,-0.002222222276031971,0.0,0.004444444552063942,271.5625,-4.0,2.0,0.71630859375,3.9627685546875,0.0128173828125,0.6966552734375
13.454739332199097,-16,40,26.609901428222656,79,56.406402587890625,0.037039998918771744,0.89000004529953,107.36000061035156,2091,0.0,0.019999999552965164,0.07000000029802322,-0.0011111111380159855,0.0055555556900799274,-0.0033333334140479565,271.5625,-3.9375,2.0625,0.71630859375,3.96282958984375,0.01239013671875,0.6966552734375
13.55536413192749,-16,40,26.609901428222656,79,56.406402587890625,0.037039998918771744,0.89000004529953,107.36000061035156,2091,0.009999999776482582,-0.10000000149011612,0.029999999329447746,-0.0011111111380159855,0.012222222052514553,0.0,271.5625,-3.9375,2.0625,0.71630859375,3.96282958984375,0.012451171875,0.6966552734375
13.65691065788269,-10,40,26.609901428222656,79,56.406402587890625,0.037039998918771744,0.89000004529953,107.36000061035156,2091,-0.07000000029802322,0.0,0.10999999940395355,-0.0011111111380159855,-0.0033333334140479565,-0.0011111111380159855,271.5625,-3.9375,2.0625,0.71630859375,3.96282958984375,0.012451171875,0.6966552734375
13.758626937866211,-8,40,26.609901428222656,79,56.406402587890625,0.037039998918771744,0.89000004529953,107.36000061035156,2091,-0.029999999329447746,-0.3700000047683716,0.05999999865889549,0.002222222276031971,-0.0033333334140479565,0.0055555556900799274,271.5625,-4.0,2.125,0.71636962890625,3.96240234375,0.01214599609375,0.6966552734375
13.865746259689331,-8,40,26.609901428222656,79,56.406402587890625,0.037039998918771744,0.89000004529953,107.36000061035156,2091,0.10999999940395355,0.0,0.05999999865889549,0.0011111111380159855,0.006666666828095913,0.0055555556900799274,271.5625,-3.9375,2.125,0.71636962890625,3.96221923828125,0.0118408203125,0.69659423828125
13.971327066421509,-8,40,26.609901428222656,79,56.406402587890625,0.037039998918771744,0.89000004529953,107.36000061035156,2091,-0.019999999552965164,-0.20999999344348907,0.11999999731779099,-0.0033333334140479565,0.008888889104127884,0.002222222276031971,271.5625,-3.9375,2.1875,0.71636962890625,3.96197509765625,0.011474609375,0.69659423828125
14.075782060623169,-8,40,26.609901428222656,79,56.406402587890625,0.037039998918771744,0.89000004529953,107.36000061035156,2091,0.0,0.05999999865889549,0.10000000149011612,0.0033333334140479565,-0.011111111380159855,0.0055555556900799274,271.5625,-3.9375,2.25,0.71636962890625,3.96142578125,0.0111083984375,0.69659423828125
14.184674978256226,0,40,26.609901428222656,79,56.406402587890625,0.037039998918771744,0.89000004529953,107.36000061035156,2091,0.10999999940395355,0.6600000262260437,0.029999999329447746,0.0,0.008888889104127884,-0.011111111380159855,271.5625,-3.9375,2.25,0.71636962890625,3.96160888671875,0.01129150390625,0.696533203125
14.284449338912964,0,40,26.609901428222656,79,56.406402587890625,0.037039998918771744,0.89000004529953,107.36000061035156,2091,-0.23000000417232513,0.0,-0.009999999776482582,0.002222222276031971,-0.015555555932223797,0.0033333334140479565,271.5625,-3.9375,2.125,0.71636962890625,3.96221923828125,0.01153564453125,0.69659423828125
14.385799169540405,0,40,26.609901428222656,79,56.406402587890625,0.0,0.89000004529953,96.9000015258789,2091,0.009999999776482582,-0.6899999976158142,0.1899999976158142,-0.002222222276031971,-0.02666666731238365,0.021111110225319862,271.5,-3.9375,2.125,0.71600341796875,3.96234130859375,0.011474609375,0.697021484375
14.488460063934326,0,40,26.609901428222656,79,56.406402587890625,0.0,0.89000004529953,96.9000015258789,2091,0.6200000047683716,-0.1599999964237213,0.12999999523162842,-0.002222222276031971,0.007777777966111898,0.0055555556900799274,271.4375,-3.8125,2.375,0.7156982421875,3.961669921875,0.00921630859375,0.69732666015625
14.589138746261597,0,40,26.609901428222656,79,56.406402587890625,0.0,0.89000004529953,96.9000015258789,2091,0.0,0.6399999856948853,0.1599999964237213,0.004444444552063942,0.014444444328546524,-0.013333333656191826,271.5,-3.875,2.375,0.71600341796875,3.96124267578125,0.00970458984375,0.6968994140625
14.696255207061768,0,40,26.609901428222656,79,56.406402587890625,0.0,0.89000004529953,96.9000015258789,2091,-0.3100000023841858,0.30000001192092896,-0.009999999776482582,-0.0033333334140479565,-0.002222222276031971,0.008888889104127884,271.5,-4.0,2.1875,0.71600341796875,3.961669921875,0.01171875,0.69696044921875
14.798413753509521,0,40,26.609901428222656,79,56.406402587890625,0.0,0.89000004529953,96.9000015258789,2091,0.10000000149011612,-0.14000000059604645,-0.11999999731779099,-0.0011111111380159855,0.011111111380159855,0.0011111111380159855,271.4375,-4.0,2.125,0.71563720703125,3.96197509765625,0.01202392578125,0.69732666015625
14.900180339813232,0,40,26.609901428222656,79,56.406402587890625,0.0,0.89000004529953,96.9000015258789,2091,0.0,-0.17000000178813934,0.029999999329447746,0.0,0.002222222276031971,-0.009999999776482582,271.4375,-4.0,2.1875,0.71563720703125,3.96173095703125,0.01165771484375,0.69732666015625
15.004485368728638,0,40,26.609901428222656,79,56.406402587890625,0.0,0.89000004529953,96.9000015258789,2091,-0.2199999988079071,0.20000000298023224,0.12999999523162842,0.0011111111380159855,0.007777777966111898,-0.009999999776482582,271.4375,-4.0625,2.1875,0.71563720703125,3.9613037109375,0.01202392578125,0.69732666015625
15.1088285446167,0,40,26.609901428222656,79,56.406402587890625,0.0,0.89000004529953,96.9000015258789,2091,0.05000000074505806,0.009999999776482582,-0.029999999329447746,-0.0011111111380159855,0.025555554777383804,-0.011111111380159855,271.5,-4.0625,2.1875,0.7156982421875,3.96136474609375,0.0120849609375,0.69720458984375
15.21389651298523,0,40,26.609901428222656,79,56.406402587890625,0.0,0.89000004529953,96.9000015258789,2091,0.3799999952316284,0.0,0.05999999865889549,-0.002222222276031971,0.017777778208255768,0.002222222276031971,271.5,-4.0625,2.1875,0.7156982421875,3.96112060546875,0.0123291015625,0.69720458984375
15.319658517837524,0,40,26.609901428222656,79,56.406402587890625,0.0,0.89000004529953,96.9000015258789,2091,0.05000000074505806,0.009999999776482582,0.019999999552965164,-0.0011111111380159855,-0.0033333334140479565,-0.0033333334140479565,271.5,-4.125,2.1875,0.7156982421875,3.9610595703125,0.01239013671875,0.69720458984375
15.427117347717285,0,40,26.609901428222656,79,56.406402587890625,0.037039998918771744,0.89000004529953,138.739990234375,2091,-0.05000000074505806,0.0,-0.009999999776482582,-0.0033333334140479565,0.018888888880610466,-0.0011111111380159855,271.5,-4.125,2.1875,0.7156982421875,3.96099853515625,0.0125732421875,0.69720458984375
15.532073736190796,0,40,26.609901428222656,79,56.406402587890625,0.037039998918771744,0.89000004529953,138.739990234375,2091,0.09000000357627869,0.0,0.0,-0.0011111111380159855,0.006666666828095913,0.0011111111380159855,271.5,-4.125,2.1875,0.7156982421875,3.96099853515625,0.0125732421875,0.69720458984375
15.636270761489868,0,40,26.609901428222656,79,56.406402587890625,0.037039998918771744,0.89000004529953,138.739990234375,2091,0.05999999865889549,-0.029999999329447746,0.07000000029802322,0.0011111111380159855,-0.009999999776482582,-0.002222222276031971,271.5,-4.125,2.1875,0.7156982421875,3.96099853515625,0.0125732421875,0.69720458984375
15.739303827285767,0,40,26.609901428222656,79,56.406402587890625,0.037039998918771744,0.89000004529953,138.739990234375,2091,0.0,-0.019999999552965164,0.029999999329447746,0.0011111111380159855,0.0033333334140479565,0.0,271.5,-4.125,2.1875,0.7156982421875,3.96099853515625,0.0125732421875,0.69720458984375
15.848403692245483,-16,40,26.609901428222656,79,56.406402587890625,0.037039998918771744,0.89000004529953,138.739990234375,2091,-0.05999999865889549,0.03999999910593033,0.019999999552965164,0.0,0.0033333334140479565,-0.0011111111380159855,271.5,-4.125,2.1875,0.7156982421875,3.9610595703125,0.01251220703125,0.69720458984375
15.950695991516113,-16,40,26.609901428222656,79,56.406402587890625,0.037039998918771744,0.89000004529953,138.739990234375,2091,0.8500000238418579,0.05000000074505806,-0.009999999776482582,-0.0011111111380159855,-0.013333333656191826,0.0,271.5,-4.125,2.1875,0.7156982421875,3.961181640625,0.012451171875,0.69720458984375
16.05431890487671,-16,40,26.609901428222656,79,56.406402587890625,0.037039998918771744,0.89000004529953,138.739990234375,2091,-0.5199999809265137,0.05000000074505806,-0.029999999329447746,0.0,-0.02666666731238365,-0.006666666828095913,271.5625,-4.125,2.1875,0.71630859375,3.9609375,0.0126953125,0.69659423828125
16.160449266433716,-16,40,26.609901428222656,79,56.406402587890625,0.037039998918771744,0.89000004529953,138.739990234375,2091,-0.05999999865889549,0.05000000074505806,0.27000001072883606,0.0011111111380159855,-0.0033333334140479565,0.0055555556900799274,271.5625,-4.1875,2.1875,0.71624755859375,3.96051025390625,0.01312255859375,0.69659423828125
16.263659238815308,-16,40,26.609901428222656,79,56.406402587890625,0.037039998918771744,0.89000004529953,138.739990234375,2091,0.009999999776482582,-0.019999999552965164,0.029999999329447746,0.0011111111380159855,0.007777777966111898,-0.0033333334140479565,271.5625,-4.1875,2.1875,0.71624755859375,3.96044921875,0.01312255859375,0.69659423828125
16.364518880844116,-16,40,26.609901428222656,79,56.406402587890625,0.037039998918771744,0.89000004529953,138.739990234375,2091,-0.03999999910593033,-0.029999999329447746,0.07000000029802322,0.0,0.0,0.0011111111380159855,271.5625,-4.1875,2.1875,0.71624755859375,3.96044921875,0.01312255859375,0.69659423828125
16.466837644577026,-16,40,26.609901428222656,79,56.406402587890625,0.037039998918771744,0.89000004529953,131.07000732421875,2091,0.20000000298023224,0.009999999776482582,-0.05999999865889549,-0.002222222276031971,0.006666666828095913,0.0011111111380159855,271.5625,-4.1875,2.1875,0.71630859375,3.96051025390625,0.01312255859375,0.69659423828125
16.570988416671753,-16,40,26.609901428222656,79,56.406402587890625,0.037039998918771744,0.89000004529953,131.07000732421875,2091,-0.05999999865889549,0.0,0.03999999910593033,0.0011111111380159855,0.0033333334140479565,-0.0011111111380159855,271.5625,-4.1875,2.1875,0.71630859375,3.96063232421875,0.0130615234375,0.69659423828125
16.672424793243408,-26,40,26.609901428222656,79,56.406402587890625,0.037039998918771744,0.89000004529953,131.07000732421875,2091,0.0,0.0,0.07000000029802322,-0.0011111111380159855,0.007777777966111898,0.0,271.5625,-4.1875,2.1875,0.71630859375,3.96063232421875,0.01300048828125,0.69659423828125
16.77415180206299,-28,40,26.609901428222656,79,56.406402587890625,0.037039998918771744,0.89000004529953,131.07000732421875,2091,-0.14000000059604645,0.0,0.03999999910593033,-0.002222222276031971,0.002222222276031971,0.0,271.5625,-4.1875,2.1875,0.71630859375,3.960693359375,0.01300048828125,0.69659423828125
16.879075050354004,-28,40,26.609901428222656,79,56.406402587890625,0.037039998918771744,0.89000004529953,131.07000732421875,2091,-0.10000000149011612,-0.03999999910593033,0.019999999552965164,0.0,-0.007777777966111898,-0.009999999776482582,271.5625,-4.1875,2.1875,0.71630859375,3.96063232421875,0.01300048828125,0.696533203125
16.977961540222168,-28,40,26.609901428222656,79,56.406402587890625,0.037039998918771744,0.89000004529953,131.07000732421875,2091,-0.15000000596046448,0.019999999552965164,-0.029999999329447746,0.002222222276031971,-0.0033333334140479565,-0.002222222276031971,271.625,-4.25,2.1875,0.71661376953125,3.96038818359375,0.01324462890625,0.69622802734375
17.079830408096313,-28,40,26.609901428222656,79,56.406402587890625,0.037039998918771744,0.89000004529953,131.07000732421875,2091,0.03999999910593033,0.019999999552965164,-0.05999999865889549,-0.0011111111380159855,-0.0033333334140479565,-0.0011111111380159855,271.625,-4.1875,2.1875,0.71661376953125,3.96051025390625,0.01318359375,0.69622802734375
17.18100118637085,-28,40,26.609901428222656,79,56.406402587890625,0.037039998918771744,0.89000004529953,131.07000732421875,2091,0.009999999776482582,0.019999999552965164,0.07000000029802322,0.0011111111380159855,0.0033333334140479565,-0.002222222276031971,271.625,-4.1875,2.1875,0.71661376953125,3.9605712890625,0.01318359375,0.69622802734375
17.283738613128662,-28,40,26.609901428222656,79,56.406402587890625,0.037039998918771744,0.89000004529953,131.07000732421875,2091,0.009999999776482582,0.029999999329447746,0.09000000357627869,0.002222222276031971,-0.0033333334140479565,-0.002222222276031971,271.625,-4.1875,2.1875,0.71661376953125,3.9605712890625,0.01318359375,0.69622802734375
17.39014959335327,-28,40,26.609901428222656,79,56.406402587890625,0.018519999459385872,0.89000004529953,115.08999633789062,2091,0.0,0.009999999776482582,0.05000000074505806,0.0011111111380159855,0.002222222276031971,0.0011111111380159855,271.625,-4.1875,2.1875,0.71661376953125,3.9605712890625,0.01318359375,0.69622802734375
17.49297523498535,-28,40,26.609901428222656,79,56.406402587890625,0.018519999459385872,0.89000004529953,115.08999633789062,2091,0.029999999329447746,0.009999999776482582,0.0,-0.0011111111380159855,0.0055555556900799274,-0.0011111111380159855,271.625,-4.1875,2.1875,0.71661376953125,3.9605712890625,0.01318359375,0.69622802734375
17.59948968887329,-26,40,26.609901428222656,79,56.406402587890625,0.018519999459385872,0.89000004529953,115.08999633789062,2091,0.009999999776482582,0.0,0.11999999731779099,0.0,0.0,-0.0011111111380159855,271.625,-4.1875,2.1875,0.71661376953125,3.96063232421875,0.01312255859375,0.69622802734375
17.702691555023193,-24,40,26.609901428222656,79,56.406402587890625,0.018519999459385872,0.89000004529953,115.08999633789062,2091,-0.019999999552965164,0.009999999776482582,0.019999999552965164,0.0011111111380159855,0.0011111111380159855,0.0,271.625,-4.1875,2.1875,0.71661376953125,3.96063232421875,0.01318359375,0.69622802734375
17.807271718978882,-24,40,26.609901428222656,79,56.406402587890625,0.018519999459385872,0.89000004529953,115.08999633789062,2091,-0.03999999910593033,0.0,0.07000000029802322,-0.0011111111380159855,-0.002222222276031971,-0.002222222276031971,271.625,-4.1875,2.1875,0.71661376953125,3.96063232421875,0.01312255859375,0.69622802734375
17.916191339492798,-24,40,26.609901428222656,79,56.406402587890625,0.018519999459385872,0.89000004529953,115.08999633789062,2091,0.009999999776482582,0.0,0.10999999940395355,0.0,0.0011111111380159855,0.0,271.625,-4.1875,2.1875,0.71661376953125,3.96063232421875,0.01312255859375,0.69622802734375
18.018975496292114,-24,40,26.609901428222656,79,56.406402587890625,0.018519999459385872,0.89000004529953,115.08999633789062,2091,0.0,0.009999999776482582,0.0,0.0011111111380159855,0.0011111111380159855,0.0,271.625,-4.1875,2.1875,0.71661376953125,3.96063232421875,0.01312255859375,0.69622802734375
18.124348878860474,-24,40,26.609901428222656,79,56.406402587890625,0.018519999459385872,0.89000004529953,115.08999633789062,2091,0.029999999329447746,0.009999999776482582,0.11999999731779099,-0.0011111111380159855,-0.002222222276031971,0.0,271.625,-4.1875,2.1875,0.71661376953125,3.96063232421875,0.01312255859375,0.69622802734375
18.226694345474243,-24,40,26.609901428222656,79,56.406402587890625,0.018519999459385872,0.89000004529953,115.08999633789062,2091,0.03999999910593033,0.0,0.019999999552965164,-0.0011111111380159855,-0.002222222276031971,0.002222222276031971,271.625,-4.1875,2.1875,0.71661376953125,3.96063232421875,0.01312255859375,0.69622802734375
18.335423707962036,-24,40,26.609901428222656,79,56.406402587890625,0.018519999459385872,0.89000004529953,115.08999633789062,2091,0.019999999552965164,0.009999999776482582,-0.009999999776482582,-0.004444444552063942,0.0011111111380159855,0.0011111111380159855,271.625,-4.1875,2.1875,0.71661376953125,3.96063232421875,0.01312255859375,0.69622802734375
18.43788504600525,-24,40,26.609901428222656,79,56.406402587890625,0.018519999459385872,0.89000004529953,115.08999633789062,2091,0.0,0.0,0.10000000149011612,0.0011111111380159855,-0.002222222276031971,-0.0011111111380159855,271.625,-4.1875,2.1875,0.71661376953125,3.96063232421875,0.01312255859375,0.69622802734375
18.54375910758972,-24,40,26.609901428222656,79,56.406402587890625,0.037039998918771744,0.8500000238418579,222.11000061035156,2091,0.0,0.019999999552965164,0.029999999329447746,0.0,-0.0011111111380159855,0.0,271.625,-4.1875,2.1875,0.71661376953125,3.96063232421875,0.01312255859375,0.69622802734375
18.647031545639038,-24,40,26.609901428222656,79,56.406402587890625,0.037039998918771744,0.8500000238418579,222.11000061035156,2091,0.0,0.009999999776482582,0.09000000357627869,0.0,-0.0011111111380159855,0.0,271.625,-4.1875,2.1875,0.71661376953125,3.96063232421875,0.01312255859375,0.69622802734375
18.746763944625854,-24,40,26.609901428222656,79,56.406402587890625,0.037039998918771744,0.8500000238418579,222.11000061035156,2091,0.0,0.0,0.07999999821186066,-0.0011111111380159855,0.0011111111380159855,0.0011111111380159855,271.625,-4.1875,2.1875,0.71661376953125,3.96063232421875,0.01312255859375,0.69622802734375
18.852966785430908,-24,40,26.609901428222656,79,56.406402587890625,0.037039998918771744,0.8500000238418579,222.11000061035156,2091,0.009999999776482582,0.0,0.0,0.0011111111380159855,-0.0011111111380159855,0.0,271.625,-4.1875,2.1875,0.71661376953125,3.96063232421875,0.01312255859375,0.69622802734375
18.957048654556274,-24,40,26.609901428222656,79,56.406402587890625,0.037039998918771744,0.8500000238418579,222.11000061035156,2091,0.029999999329447746,0.009999999776482582,0.14000000059604645,0.0011111111380159855,0.0,-0.002222222276031971,271.625,-4.1875,2.1875,0.71661376953125,3.96063232421875,0.01312255859375,0.69622802734375
19.05993938446045,-24,40,26.609901428222656,79,56.406402587890625,0.037039998918771744,0.8500000238418579,222.11000061035156,2091,0.029999999329447746,0.009999999776482582,0.009999999776482582,-0.0011111111380159855,-0.0011111111380159855,-0.002222222276031971,271.625,-4.1875,2.1875,0.71661376953125,3.96063232421875,0.01312255859375,0.69622802734375
19.166730880737305,-24,40,26.609901428222656,79,56.406402587890625,0.037039998918771744,0.8500000238418579,222.11000061035156,2091,0.009999999776482582,0.009999999776482582,0.10000000149011612,-0.0011111111380159855,0.002222222276031971,-0.002222222276031971,271.625,-4.1875,2.1875,0.71661376953125,3.96063232421875,0.01312255859375,0.69622802734375
19.2734112739563,-24,40,26.609901428222656,79,56.406402587890625,0.037039998918771744,0.8500000238418579,222.11000061035156,2091,0.0,0.0,0.07999999821186066,0.0011111111380159855,-0.0033333334140479565,0.002222222276031971,271.625,-4.1875,2.1875,0.71661376953125,3.96063232421875,0.01312255859375,0.69622802734375
19.37198758125305,-24,40,26.609901428222656,79,56.406402587890625,0.018519999459385872,0.8500000238418579,202.10000610351562,2091,0.019999999552965164,0.009999999776482582,0.07000000029802322,0.0,-0.0011111111380159855,-0.0011111111380159855,271.625,-4.1875,2.1875,0.71661376953125,3.96063232421875,0.01312255859375,0.69622802734375
19.472899675369263,-24,40,26.609901428222656,79,56.406402587890625,0.018519999459385872,0.8500000238418579,202.10000610351562,2091,0.009999999776482582,0.019999999552965164,0.07999999821186066,0.0,-0.0011111111380159855,0.0,271.625,-4.1875,2.1875,0.71661376953125,3.96063232421875,0.01312255859375,0.69622802734375
19.574041843414307,-24,40,26.609901428222656,79,56.406402587890625,0.018519999459385872,0.8500000238418579,202.10000610351562,2091,0.009999999776482582,0.0,-0.009999999776482582,-0.0011111111380159855,0.0011111111380159855,0.0011111111380159855,271.625,-4.1875,2.1875,0.71661376953125,3.96063232421875,0.01312255859375,0.69622802734375
19.680116176605225,-24,40,26.609901428222656,79,56.406402587890625,0.018519999459385872,0.8500000238418579,202.10000610351562,2091,0.0,0.009999999776482582,0.10999999940395355,0.0011111111380159855,0.0,0.0,271.625,-4.1875,2.1875,0.71661376953125,3.96063232421875,0.01312255859375,0.69622802734375
19.788952112197876,-24,40,26.609901428222656,79,56.406402587890625,0.018519999459385872,0.8500000238418579,202.10000610351562,2091,0.019999999552965164,0.0,0.019999999552965164,0.0011111111380159855,0.0,-0.0011111111380159855,271.625,-4.1875,2.1875,0.71661376953125,3.96063232421875,0.01312255859375,0.69622802734375
19.892925262451172,-24,40,26.609901428222656,79,56.406402587890625,0.018519999459385872,0.8500000238418579,202.10000610351562,2091,0.0,0.0,0.1599999964237213,0.0011111111380159855,0.002222222276031971,0.0,271.625,-4.1875,2.1875,0.71661376953125,3.96063232421875,0.01312255859375,0.69622802734375
19.9988796710968,-24,40,26.609901428222656,79,56.406402587890625,0.018519999459385872,0.8500000238418579,202.10000610351562,2091,0.009999999776482582,0.0,0.07999999821186066,0.0,0.0011111111380159855,0.0011111111380159855,271.625,-4.1875,2.1875,0.71661376953125,3.96063232421875,0.01312255859375,0.69622802734375
20.101386308670044,-24,40,26.609901428222656,79,56.406402587890625,0.018519999459385872,0.8500000238418579,202.10000610351562,2091,0.0,0.029999999329447746,0.0,-0.0011111111380159855,0.004444444552063942,-0.002222222276031971,271.625,-4.1875,2.1875,0.71661376953125,3.96063232421875,0.01312255859375,0.69622802734375
20.207295179367065,-24,40,26.609901428222656,79,56.406402587890625,0.018519999459385872,0.8500000238418579,202.10000610351562,2091,0.019999999552965164,0.009999999776482582,0.10000000149011612,0.0,-0.002222222276031971,0.0,271.625,-4.1875,2.1875,0.71661376953125,3.96063232421875,0.01312255859375,0.69622802734375
20.311183214187622,-24,40,26.609901428222656,79,56.406402587890625,0.018519999459385872,0.8500000238418579,202.10000610351562,2091,0.0,0.0,0.009999999776482582,0.0011111111380159855,0.0,-0.002222222276031971,271.625,-4.1875,2.1875,0.71661376953125,3.96063232421875,0.01312255859375,0.69622802734375
20.418561220169067,-24,40,26.609901428222656,79,56.406402587890625,0.037039998918771744,0.8500000238418579,183.4199981689453,2091,0.0,0.0,0.05999999865889549,-0.0011111111380159855,0.0,0.0011111111380159855,271.625,-4.1875,2.1875,0.71661376953125,3.96063232421875,0.01312255859375,0.69622802734375
20.523132801055908,-24,40,26.609901428222656,79,56.406402587890625,0.037039998918771744,0.8500000238418579,183.4199981689453,2091,0.019999999552965164,0.0,-0.009999999776482582,0.002222222276031971,0.0,0.0033333334140479565,271.625,-4.1875,2.1875,0.71661376953125,3.96063232421875,0.01312255859375,0.69622802734375
20.628782033920288,-24,40,26.609901428222656,79,56.406402587890625,0.037039998918771744,0.8500000238418579,183.4199981689453,2091,0.009999999776482582,0.009999999776482582,0.14000000059604645,0.0011111111380159855,-0.004444444552063942,0.0,271.625,-4.1875,2.1875,0.71661376953125,3.96063232421875,0.01312255859375,0.69622802734375
20.731832027435303,-24,40,26.609901428222656,79,56.406402587890625,0.037039998918771744,0.8500000238418579,183.4199981689453,2091,0.019999999552965164,0.009999999776482582,0.07999999821186066,0.0011111111380159855,-0.0011111111380159855,0.0,271.625,-4.1875,2.1875,0.71661376953125,3.96063232421875,0.01312255859375,0.69622802734375
20.837238311767578,-24,40,26.609901428222656,79,56.406402587890625,0.037039998918771744,0.8500000238418579,183.4199981689453,2091,0.019999999552965164,0.009999999776482582,0.10999999940395355,-0.002222222276031971,0.002222222276031971,-0.0011111111380159855,271.625,-4.1875,2.1875,0.71661376953125,3.96063232421875,0.01312255859375,0.69622802734375
20.94150686264038,-24,40,26.609901428222656,79,56.406402587890625,0.037039998918771744,0.8500000238418579,183.4199981689453,2091,0.019999999552965164,0.009999999776482582,0.10999999940395355,0.0,-0.0011111111380159855,0.0011111111380159855,271.625,-4.1875,2.1875,0.71661376953125,3.96063232421875,0.01312255859375,0.69622802734375
21.042282104492188,-24,40,26.609901428222656,79,56.406402587890625,0.037039998918771744,0.8500000238418579,183.4199981689453,2091,0.019999999552965164,0.0,0.05000000074505806,0.002222222276031971,0.0011111111380159855,0.0011111111380159855,271.625,-4.1875,2.1875,0.71661376953125,3.96063232421875,0.01312255859375,0.69622802734375
21.148292541503906,-24,40,26.609901428222656,79,56.406402587890625,0.037039998918771744,0.8500000238418579,183.4199981689453,2091,0.019999999552965164,0.0,0.05000000074505806,0.002222222276031971,-0.0033333334140479565,-0.0011111111380159855,271.625,-4.1875,2.1875,0.71661376953125,3.96063232421875,0.01312255859375,0.69622802734375
21.251879930496216,-24,40,26.609901428222656,79,56.406402587890625,0.037039998918771744,0.8500000238418579,183.4199981689453,2091,0.0,0.0,0.07999999821186066,0.0011111111380159855,0.002222222276031971,0.0,271.625,-4.1875,2.1875,0.71661376953125,3.96063232421875,0.01312255859375,0.69622802734375
21.35387086868286,-24,40,26.609901428222656,79,56.406402587890625,0.037039998918771744,0.8500000238418579,183.4199981689453,2091,0.029999999329447746,0.009999999776482582,0.05999999865889549,0.0033333334140479565,0.0033333334140479565,0.0011111111380159855,271.625,-4.1875,2.1875,0.71661376953125,3.96063232421875,0.01312255859375,0.69622802734375
21.45404577255249,-24,40,26.609901428222656,79,56.406402587890625,0.018519999459385872,0.8500000238418579,155.3000030517578,2091,0.009999999776482582,0.029999999329447746,0.10000000149011612,0.002222222276031971,0.0,0.0011111111380159855,271.625,-4.1875,2.1875,0.71661376953125,3.96063232421875,0.01312255859375,0.69622802734375
21.562147855758667,-24,40,26.609901428222656,79,56.406402587890625,0.018519999459385872,0.8500000238418579,155.3000030517578,2091,0.0,0.0,0.05999999865889549,0.0,0.0033333334140479565,0.0011111111380159855,271.625,-4.1875,2.1875,0.71661376953125,3.96063232421875,0.01312255859375,0.69622802734375
21.663817405700684,-24,40,26.609901428222656,79,56.406402587890625,0.018519999459385872,0.8500000238418579,155.3000030517578,2091,0.029999999329447746,0.0,0.10999999940395355,0.0011111111380159855,0.002222222276031971,-0.0033333334140479565,271.625,-4.1875,2.1875,0.71661376953125,3.96063232421875,0.01312255859375,0.69622802734375
21.766302824020386,-24,40,26.609901428222656,79,56.406402587890625,0.018519999459385872,0.8500000238418579,155.3000030517578,2091,0.029999999329447746,0.019999999552965164,0.10000000149011612,-0.0011111111380159855,-0.0011111111380159855,0.0,271.625,-4.1875,2.1875,0.71661376953125,3.96063232421875,0.01312255859375,0.69622802734375
21.868653297424316,-24,40,26.609901428222656,79,56.406402587890625,0.018519999459385872,0.8500000238418579,155.3000030517578,2091,0.029999999329447746,0.009999999776482582,0.0,0.0011111111380159855,0.0011111111380159855,-0.0011111111380159855,271.625,-4.1875,2.1875,0.71661376953125,3.96063232421875,0.01312255859375,0.69622802734375
21.97392773628235,-24,40,26.609901428222656,79,56.406402587890625,0.018519999459385872,0.8500000238418579,155.3000030517578,2091,0.029999999329447746,0.0,0.10999999940395355,0.0,-0.0011111111380159855,-0.002222222276031971,271.625,-4.1875,2.1875,0.71661376953125,3.96063232421875,0.01312255859375,0.69622802734375
22.075060606002808,-24,40,26.609901428222656,79,56.406402587890625,0.018519999459385872,0.8500000238418579,155.3000030517578,2091,0.019999999552965164,0.009999999776482582,0.07999999821186066,0.0011111111380159855,0.002222222276031971,0.0,271.625,-4.1875,2.1875,0.71661376953125,3.96063232421875,0.01312255859375,0.69622802734375
22.177903175354004,-24,40,26.609901428222656,79,56.406402587890625,0.018519999459385872,0.8500000238418579,155.3000030517578,2091,0.0,0.009999999776482582,0.10000000149011612,-0.0011111111380159855,0.0011111111380159855,0.0011111111380159855,271.625,-4.1875,2.1875,0.71661376953125,3.96063232421875,0.01312255859375,0.69622802734375
22.2793607711792,-24,40,26.609901428222656,79,56.406402587890625,0.018519999459385872,0.8500000238418579,155.3000030517578,2091,0.029999999329447746,0.009999999776482582,0.07999999821186066,-0.0011111111380159855,-0.0033333334140479565,0.0033333334140479565,271.625,-4.1875,2.1875,0.71661376953125,3.96063232421875,0.01312255859375,0.69622802734375
22.380921602249146,-24,40,26.609901428222656,79,56.406402587890625,0.018519999459385872,0.8500000238418579,155.3000030517578,2091,0.009999999776482582,0.009999999776482582,0.11999999731779099,0.0011111111380159855,-0.0033333334140479565,-0.0033333334140479565,271.625,-4.1875,2.1875,0.71661376953125,3.96063232421875,0.01312255859375,0.69622802734375
22.48698329925537,-24,40,26.609901428222656,79,56.406402587890625,0.018519999459385872,0.8500000238418579,87.37000274658203,2091,0.0,0.009999999776482582,0.05000000074505806,0.0011111111380159855,-0.0011111111380159855,0.0011111111380159855,271.625,-4.1875,2.1875,0.71661376953125,3.96063232421875,0.01312255859375,0.69622802734375
22.59039831161499,-24,40,26.609901428222656,79,56.406402587890625,0.018519999459385872,0.8500000238418579,87.37000274658203,2091,0.029999999329447746,0.0,0.09000000357627869,-0.002222222276031971,0.0,-0.0011111111380159855,271.625,-4.1875,2.1875,0.71661376953125,3.96063232421875,0.01312255859375,0.69622802734375
22.69707679748535,-24,40,26.609901428222656,79,56.406402587890625,0.018519999459385872,0.8500000238418579,87.37000274658203,2091,0.0,0.009999999776482582,0.10999999940395355,-0.0011111111380159855,-0.0011111111380159855,0.0,271.625,-4.1875,2.1875,0.71661376953125,3.96063232421875,0.01312255859375,0.69622802734375
22.8007915019989,-24,40,26.609901428222656,79,56.406402587890625,0.018519999459385872,0.8500000238418579,87.37000274658203,2091,0.009999999776482582,0.009999999776482582,0.0,-0.002222222276031971,0.0011111111380159855,0.0011111111380159855,271.625,-4.1875,2.1875,0.71661376953125,3.96063232421875,0.01312255859375,0.69622802734375
22.906205654144287,-24,40,26.609901428222656,79,56.406402587890625,0.018519999459385872,0.8500000238418579,87.37000274658203,2091,0.05000000074505806,0.0,0.10999999940395355,0.0,0.002222222276031971,0.0,271.625,-4.1875,2.1875,0.71661376953125,3.96063232421875,0.01312255859375,0.69622802734375
23.01331090927124,-24,40,26.609901428222656,79,56.406402587890625,0.018519999459385872,0.8500000238418579,87.37000274658203,2091,0.029999999329447746,0.0,0.05999999865889549,0.0,-0.004444444552063942,0.0011111111380159855,271.625,-4.1875,2.1875,0.71661376953125,3.96063232421875,0.01312255859375,0.69622802734375
23.119431972503662,-24,40,26.609901428222656,79,56.406402587890625,0.018519999459385872,0.8500000238418579,87.37000274658203,2091,-0.019999999552965164,-0.009999999776482582,0.0,0.0011111111380159855,0.0011111111380159855,0.0,271.625,-4.1875,2.1875,0.71661376953125,3.96063232421875,0.01312255859375,0.69622802734375
23.223326206207275,-24,40,26.609901428222656,79,56.406402587890625,0.018519999459385872,0.8500000238418579,87.37000274658203,2091,0.07000000029802322,0.0,0.14000000059604645,-0.0011111111380159855,0.002222222276031971,0.0,271.625,-4.1875,2.1875,0.71661376953125,3.96063232421875,0.01312255859375,0.69622802734375
23.324655771255493,-24,40,26.609901428222656,79,56.406402587890625,0.018519999459385872,0.8500000238418579,87.37000274658203,2091,0.009999999776482582,0.0,0.09000000357627869,0.0,-0.002222222276031971,-0.004444444552063942,271.625,-4.1875,2.1875,0.71661376953125,3.96063232421875,0.01312255859375,0.69622802734375
