,servo,gps,,,,,,,,,,,,,,encoder,imu,,,,,,,,,,,,,,,,,,,,
timestamp,angle,lat deg,lat min,long deg,long min,speed x,speed y,speed z,heading,altitude,satellites in view,satellites in use,hdop,pdop,vdop,counts,accel x,accel y,accel z,gyro x,gyro y,gyro z,euler x,euler y,euler z,quat w,quat x,quat y,quat z,temperature,grav x,grav y,grav z,mag x,mag y,mag z,compass
12,0,40,26.6177,79,56.4368,0.14,0.16114,0.25928,303.51,0.0,0,0,1.15,1.44,0.86,0,0.0,0.0,0.0,0.0,0.0,0.0,0.0,0.0,0.0,0.0,0.0,0.0,0.0,0,0.0,0.0,0.0,0.0,0.0,0.0,0.0
25,0,40,26.6177,79,56.4368,0.14,0.16114,0.25928,303.51,0.0,0,0,1.15,1.44,0.86,0,0.0,0.0,0.0,0.0,0.0,0.0,0.0,0.0,0.0,0.0,0.0,0.0,0.0,0,0.0,0.0,0.0,0.0,0.0,0.0,0.0
39,0,40,26.6177,79,56.4368,0.14,0.16114,0.25928,303.51,0.0,0,0,1.15,1.44,0.86,0,0.0,0.0,0.0,0.0,0.0,0.0,0.0,0.0,0.0,0.0,0.0,0.0,0.0,0,0.0,0.0,0.0,0.0,0.0,0.0,0.0
57,0,40,26.6177,79,56.4368,0.14,0.16114,0.25928,303.51,0.0,0,0,1.15,1.44,0.86,0,0.0,0.0,0.0,0.0,0.0,0.0,0.0,0.0,0.0,0.0,0.0,0.0,0.0,0,0.0,0.0,0.0,0.0,0.0,0.0,0.0
68,0,40,26.6177,79,56.4368,0.14,0.16114,0.25928,303.51,0.0,0,0,1.15,1.44,0.86,0,0.0,0.0,0.0,0.0,0.0,0.0,0.0,0.0,0.0,0.0,0.0,0.0,0.0,0,0.0,0.0,0.0,0.0,0.0,0.0,0.0
80,0,40,26.6177,79,56.4368,0.14,0.16114,0.25928,303.51,0.0,0,0,1.15,1.44,0.86,0,0.0,0.0,0.0,0.0,0.0,0.0,0.0,0.0,0.0,0.0,0.0,0.0,0.0,0,0.0,0.0,0.0,0.0,0.0,0.0,0.0
101,0,40,26.6177,79,56.4368,0.14,0.16114,0.25928,303.51,0.0,0,0,1.15,1.44,0.86,0,0.0,0.0,0.0,0.0,0.0,0.0,0.0,0.0,0.0,0.0,0.0,0.0,0.0,0,0.0,0.0,0.0,0.0,0.0,0.0,0.0
111,0,40,26.6177,79,56.4368,0.14,0.16114,0.25928,303.51,0.0,0,0,1.15,1.44,0.86,0,0.0,0.0,0.0,0.0,0.0,0.0,0.0,0.0,0.0,0.0,0.0,0.0,0.0,0,0.0,0.0,0.0,0.0,0.0,0.0,0.0
122,0,40,26.6177,79,56.4368,0.14,0.16114,0.25928,303.51,0.0,0,0,1.15,1.44,0.86,0,0.0,0.0,0.0,0.0,0.0,0.0,0.0,0.0,0.0,0.0,0.0,0.0,0.0,0,0.0,0.0,0.0,0.0,0.0,0.0,0.0
140,0,40,26.6177,79,56.4368,0.14,0.16114,0.25928,303.51,0.0,0,0,1.15,1.44,0.86,0,0.0,0.0,0.0,0.0,0.0,0.0,0.0,0.0,0.0,0.0,0.0,0.0,0.0,0,0.0,0.0,0.0,0.0,0.0,0.0,0.0
151,0,40,26.6177,79,56.4368,0.14,0.16114,0.25928,303.51,0.0,0,0,1.15,1.44,0.86,0,0.0,0.0,0.0,0.0,0.0,0.0,0.0,0.0,0.0,0.0,0.0,0.0,0.0,0,0.0,0.0,0.0,0.0,0.0,0.0,0.0
162,0,40,26.6177,79,56.4368,0.14,0.16114,0.25928,303.51,0.0,0,0,1.15,1.44,0.86,0,0.0,0.0,0.0,0.0,0.0,0.0,0.0,0.0,0.0,0.0,0.0,0.0,0.0,0,0.0,0.0,0.0,0.0,0.0,0.0,0.0
180,0,40,26.6177,79,56.4368,0.14,0.16114,0.25928,303.51,0.0,0,0,1.15,1.44,0.86,0,0.0,0.0,0.0,0.0,0.0,0.0,0.0,0.0,0.0,0.0,0.0,0.0,0.0,0,0.0,0.0,0.0,0.0,0.0,0.0,0.0
190,0,40,26.6177,79,56.4368,0.14,0.16114,0.25928,303.51,0.0,0,0,1.15,1.44,0.86,0,0.0,0.0,0.0,0.0,0.0,0.0,0.0,0.0,0.0,0.0,0.0,0.0,0.0,0,0.0,0.0,0.0,0.0,0.0,0.0,0.0
201,0,40,26.6177,79,56.4368,0.14,0.16114,0.25928,303.51,0.0,0,0,1.15,1.44,0.86,0,0.0,0.0,0.0,0.0,0.0,0.0,0.0,0.0,0.0,0.0,0.0,0.0,0.0,0,0.0,0.0,0.0,0.0,0.0,0.0,0.0
219,0,40,26.6177,79,56.4368,0.14,0.16114,0.25928,303.51,0.0,0,0,1.15,1.44,0.86,0,0.0,0.0,0.0,0.0,0.0,0.0,0.0,0.0,0.0,0.0,0.0,0.0,0.0,0,0.0,0.0,0.0,0.0,0.0,0.0,0.0
230,0,40,26.6177,79,56.4368,0.14,0.16114,0.25928,303.51,0.0,0,0,1.15,1.44,0.86,0,0.0,0.0,0.0,0.0,0.0,0.0,0.0,0.0,0.0,0.0,0.0,0.0,0.0,0,0.0,0.0,0.0,0.0,0.0,0.0,0.0
242,0,40,26.6177,79,56.4368,0.14,0.16114,0.25928,303.51,0.0,0,0,1.15,1.44,0.86,0,0.0,0.0,0.0,0.0,0.0,0.0,0.0,0.0,0.0,0.0,0.0,0.0,0.0,0,0.0,0.0,0.0,0.0,0.0,0.0,0.0
259,0,40,26.6177,79,56.4368,0.14,0.16114,0.25928,303.51,0.0,0,0,1.15,1.44,0.86,0,0.0,0.0,0.0,0.0,0.0,0.0,0.0,0.0,0.0,0.0,0.0,0.0,0.0,0,0.0,0.0,0.0,0.0,0.0,0.0,0.0
274,0,40,26.6177,79,56.4368,0.14,0.16114,0.25928,303.51,0.0,0,0,1.15,1.44,0.86,0,0.0,0.0,0.0,0.0,0.0,0.0,0.0,0.0,0.0,0.0,0.0,0.0,0.0,0,0.0,0.0,0.0,0.0,0.0,0.0,0.0
380,0,40,26.6177,79,56.4368,0.14,0.16114,0.25928,303.51,0.0,10,0,1.15,1.44,0.86,0,0.0,0.0,0.0,0.0,0.0,0.0,0.0,0.0,0.0,0.0,0.0,0.0,0.0,0,0.0,0.0,0.0,0.0,0.0,0.0,0.0
399,0,40,26.6177,79,56.4368,0.14,0.16114,0.25928,303.51,0.0,10,0,1.15,1.44,0.86,0,0.0,0.0,0.0,0.0,0.0,0.0,0.0,0.0,0.0,0.0,0.0,0.0,0.0,0,0.0,0.0,0.0,0.0,0.0,0.0,0.0
410,0,40,26.6177,79,56.4368,0.14,0.16114,0.25928,303.51,0.0,10,0,1.15,1.44,0.86,0,0.0,0.0,0.0,0.0,0.0,0.0,0.0,0.0,0.0,0.0,0.0,0.0,0.0,0,0.0,0.0,0.0,0.0,0.0,0.0,0.0
422,0,40,26.6177,79,56.4368,0.14,0.16114,0.25928,303.51,0.0,10,0,1.15,1.44,0.86,0,0.0,0.0,0.0,0.0,0.0,0.0,0.0,0.0,0.0,0.0,0.0,0.0,0.0,0,0.0,0.0,0.0,0.0,0.0,0.0,0.0
439,0,40,26.6177,79,56.4368,0.14,0.16114,0.25928,303.51,0.0,10,0,1.15,1.44,0.86,0,0.0,0.0,0.0,0.0,0.0,0.0,0.0,0.0,0.0,0.0,0.0,0.0,0.0,0,0.0,0.0,0.0,0.0,0.0,0.0,0.0
450,0,40,26.6177,79,56.4368,0.14,0.16114,0.25928,303.51,0.0,10,0,1.15,1.44,0.86,0,0.0,0.0,0.0,0.0,0.0,0.0,0.0,0.0,0.0,0.0,0.0,0.0,0.0,0,0.0,0.0,0.0,0.0,0.0,0.0,0.0
461,0,40,26.6177,79,56.4368,0.14,0.16114,0.25928,303.51,0.0,10,0,1.15,1.44,0.86,0,0.0,0.0,0.0,0.0,0.0,0.0,0.0,0.0,0.0,0.0,0.0,0.0,0.0,0,0.0,0.0,0.0,0.0,0.0,0.0,0.0
479,0,40,26.6177,79,56.4368,0.14,0.16114,0.25928,303.51,0.0,10,0,1.15,1.44,0.86,0,0.0,0.0,0.0,0.0,0.0,0.0,0.0,0.0,0.0,0.0,0.0,0.0,0.0,0,0.0,0.0,0.0,0.0,0.0,0.0,0.0
490,0,40,26.6177,79,56.4368,0.14,0.16114,0.25928,303.51,0.0,10,0,1.15,1.44,0.86,0,0.0,0.0,0.0,0.0,0.0,0.0,0.0,0.0,0.0,0.0,0.0,0.0,0.0,0,0.0,0.0,0.0,0.0,0.0,0.0,0.0
501,0,40,26.6177,79,56.4368,0.14,0.16114,0.25928,303.51,0.0,10,0,1.15,1.44,0.86,0,0.0,0.0,0.0,0.0,0.0,0.0,0.0,0.0,0.0,0.0,0.0,0.0,0.0,0,0.0,0.0,0.0,0.0,0.0,0.0,0.0
520,0,40,26.6177,79,56.4368,0.14,0.16114,0.25928,303.51,0.0,10,0,1.15,1.44,0.86,0,0.0,0.0,0.0,0.0,0.0,0.0,0.0,0.0,0.0,0.0,0.0,0.0,0.0,0,0.0,0.0,0.0,0.0,0.0,0.0,0.0
531,0,40,26.6177,79,56.4368,0.14,0.16114,0.25928,303.51,0.0,10,0,1.15,1.44,0.86,0,0.0,0.0,0.0,0.0,0.0,0.0,0.0,0.0,0.0,0.0,0.0,0.0,0.0,0,0.0,0.0,0.0,0.0,0.0,0.0,0.0
541,0,40,26.6177,79,56.4368,0.14,0.16114,0.25928,303.51,0.0,10,0,1.15,1.44,0.86,0,0.0,0.0,0.0,0.0,0.0,0.0,0.0,0.0,0.0,0.0,0.0,0.0,0.0,0,0.0,0.0,0.0,0.0,0.0,0.0,0.0
559,0,40,26.6177,79,56.4368,0.14,0.16114,0.25928,303.51,0.0,10,0,1.15,1.44,0.86,0,0.0,0.0,0.0,0.0,0.0,0.0,0.0,0.0,0.0,0.0,0.0,0.0,0.0,0,0.0,0.0,0.0,0.0,0.0,0.0,0.0
570,0,40,26.6177,79,56.4368,0.14,0.16114,0.25928,303.51,0.0,10,0,1.15,1.44,0.86,0,0.0,0.0,0.0,0.0,0.0,0.0,0.0,0.0,0.0,0.0,0.0,0.0,0.0,0,0.0,0.0,0.0,0.0,0.0,0.0,0.0
580,0,40,26.6177,79,56.4368,0.14,0.16114,0.25928,303.51,0.0,10,0,1.15,1.44,0.86,0,0.0,0.0,0.0,0.0,0.0,0.0,0.0,0.0,0.0,0.0,0.0,0.0,0.0,0,0.0,0.0,0.0,0.0,0.0,0.0,0.0
603,0,40,26.6177,79,56.4368,0.14,0.16114,0.25928,303.51,0.0,10,0,1.15,1.44,0.86,0,0.0,0.0,0.0,0.0,0.0,0.0,0.0,0.0,0.0,0.0,0.0,0.0,0.0,0,0.0,0.0,0.0,0.0,0.0,0.0,0.0
614,0,40,26.6177,79,56.4368,0.14,0.16114,0.25928,303.51,0.0,10,0,1.15,1.44,0.86,0,0.0,0.0,0.0,0.0,0.0,0.0,0.0,0.0,0.0,0.0,0.0,0.0,0.0,0,0.0,0.0,0.0,0.0,0.0,0.0,0.0
624,0,40,26.6177,79,56.4368,0.14,0.16114,0.25928,303.51,0.0,10,0,1.15,1.44,0.86,0,0.0,0.0,0.0,0.0,0.0,0.0,0.0,0.0,0.0,0.0,0.0,0.0,0.0,0,0.0,0.0,0.0,0.0,0.0,0.0,0.0
648,0,40,26.6177,79,56.4368,0.14,0.16114,0.25928,303.51,0.0,10,0,1.15,1.44,0.86,0,0.0,0.0,0.0,0.0,0.0,0.0,0.0,0.0,0.0,0.0,0.0,0.0,0.0,0,0.0,0.0,0.0,0.0,0.0,0.0,0.0
659,0,40,26.6177,79,56.4368,0.14,0.16114,0.25928,303.51,0.0,10,0,1.15,1.44,0.86,0,0.0,0.0,0.0,0.0,0.0,0.0,0.0,0.0,0.0,0.0,0.0,0.0,0.0,0,0.0,0.0,0.0,0.0,0.0,0.0,0.0
669,0,40,26.6177,79,56.4368,0.14,0.16114,0.25928,303.51,0.0,10,0,1.15,1.44,0.86,0,0.0,0.0,0.0,0.0,0.0,0.0,0.0,0.0,0.0,0.0,0.0,0.0,0.0,0,0.0,0.0,0.0,0.0,0.0,0.0,0.0
689,0,40,26.6177,79,56.4368,0.14,0.16114,0.25928,303.51,0.0,10,0,1.15,1.44,0.86,0,0.0,0.0,0.0,0.0,0.0,0.0,0.0,0.0,0.0,0.0,0.0,0.0,0.0,0,0.0,0.0,0.0,0.0,0.0,0.0,0.0
700,0,40,26.6177,79,56.4368,0.14,0.16114,0.25928,303.51,0.0,10,0,1.15,1.44,0.86,0,0.0,0.0,0.0,0.0,0.0,0.0,0.0,0.0,0.0,0.0,0.0,0.0,0.0,0,0.0,0.0,0.0,0.0,0.0,0.0,0.0
711,0,40,26.6177,79,56.4368,0.14,0.16114,0.25928,303.51,0.0,10,0,1.15,1.44,0.86,0,0.0,0.0,0.0,0.0,0.0,0.0,0.0,0.0,0.0,0.0,0.0,0.0,0.0,0,0.0,0.0,0.0,0.0,0.0,0.0,0.0
729,0,40,26.6177,79,56.4368,0.14,0.16114,0.25928,303.51,0.0,10,0,1.15,1.44,0.86,0,0.0,0.0,0.0,0.0,0.0,0.0,0.0,0.0,0.0,0.0,0.0,0.0,0.0,0,0.0,0.0,0.0,0.0,0.0,0.0,0.0
740,0,40,26.6177,79,56.4368,0.14,0.16114,0.25928,303.51,0.0,10,0,1.15,1.44,0.86,0,0.0,0.0,0.0,0.0,0.0,0.0,0.0,0.0,0.0,0.0,0.0,0.0,0.0,0,0.0,0.0,0.0,0.0,0.0,0.0,0.0
750,0,40,26.6177,79,56.4368,0.14,0.16114,0.25928,303.51,0.0,10,0,1.15,1.44,0.86,0,0.0,0.0,0.0,0.0,0.0,0.0,0.0,0.0,0.0,0.0,0.0,0.0,0.0,0,0.0,0.0,0.0,0.0,0.0,0.0,0.0
768,0,40,26.6177,79,56.4368,0.14,0.16114,0.25928,303.51,0.0,10,0,1.15,1.44,0.86,0,0.0,0.0,0.0,0.0,0.0,0.0,0.0,0.0,0.0,0.0,0.0,0.0,0.0,0,0.0,0.0,0.0,0.0,0.0,0.0,0.0
779,0,40,26.6177,79,56.4368,0.14,0.16114,0.25928,303.51,0.0,10,0,1.15,1.44,0.86,0,0.0,0.0,0.0,0.0,0.0,0.0,0.0,0.0,0.0,0.0,0.0,0.0,0.0,0,0.0,0.0,0.0,0.0,0.0,0.0,0.0
790,0,40,26.6177,79,56.4368,0.14,0.16114,0.25928,303.51,0.0,10,0,1.15,1.44,0.86,0,0.0,0.0,0.0,0.0,0.0,0.0,0.0,0.0,0.0,0.0,0.0,0.0,0.0,0,0.0,0.0,0.0,0.0,0.0,0.0,0.0
808,0,40,26.6177,79,56.4368,0.14,0.16114,0.25928,303.51,0.0,10,0,1.15,1.44,0.86,0,0.0,0.0,0.0,0.0,0.0,0.0,0.0,0.0,0.0,0.0,0.0,0.0,0.0,0,0.0,0.0,0.0,0.0,0.0,0.0,0.0
820,0,40,26.6177,79,56.4368,0.14,0.16114,0.25928,303.51,0.0,10,0,1.15,1.44,0.86,0,0.0,0.0,0.0,0.0,0.0,0.0,0.0,0.0,0.0,0.0,0.0,0.0,0.0,0,0.0,0.0,0.0,0.0,0.0,0.0,0.0
834,0,40,26.6177,79,56.4368,0.14,0.16114,0.25928,303.51,0.0,10,0,1.15,1.44,0.86,0,0.0,0.0,0.0,0.0,0.0,0.0,0.0,0.0,0.0,0.0,0.0,0.0,0.0,0,0.0,0.0,0.0,0.0,0.0,0.0,0.0
851,0,40,26.6177,79,56.4368,0.14,0.16114,0.25928,303.51,0.0,10,0,1.15,1.44,0.86,0,0.0,0.0,0.0,0.0,0.0,0.0,0.0,0.0,0.0,0.0,0.0,0.0,0.0,0,0.0,0.0,0.0,0.0,0.0,0.0,0.0
863,0,40,26.6177,79,56.4368,0.14,0.16114,0.25928,303.51,0.0,10,0,1.15,1.44,0.86,0,0.0,0.0,0.0,0.0,0.0,0.0,0.0,0.0,0.0,0.0,0.0,0.0,0.0,0,0.0,0.0,0.0,0.0,0.0,0.0,0.0
873,0,40,26.6177,79,56.4368,0.14,0.16114,0.25928,303.51,0.0,10,0,1.15,1.44,0.86,0,0.0,0.0,0.0,0.0,0.0,0.0,0.0,0.0,0.0,0.0,0.0,0.0,0.0,0,0.0,0.0,0.0,0.0,0.0,0.0,0.0
895,0,40,26.6177,79,56.4368,0.14,0.16114,0.25928,303.51,0.0,10,0,1.15,1.44,0.86,0,0.0,0.0,0.0,0.0,0.0,0.0,0.0,0.0,0.0,0.0,0.0,0.0,0.0,0,0.0,0.0,0.0,0.0,0.0,0.0,0.0
906,0,40,26.6177,79,56.4368,0.14,0.16114,0.25928,303.51,0.0,10,0,1.15,1.44,0.86,0,0.0,0.0,0.0,0.0,0.0,0.0,0.0,0.0,0.0,0.0,0.0,0.0,0.0,0,0.0,0.0,0.0,0.0,0.0,0.0,0.0
917,0,40,26.6177,79,56.4368,0.14,0.16114,0.25928,303.51,0.0,10,0,1.15,1.44,0.86,0,0.0,0.0,0.0,0.0,0.0,0.0,0.0,0.0,0.0,0.0,0.0,0.0,0.0,0,0.0,0.0,0.0,0.0,0.0,0.0,0.0
936,0,40,26.6177,79,56.4368,0.14,0.16114,0.25928,303.51,0.0,10,0,1.15,1.44,0.86,0,0.0,0.0,0.0,0.0,0.0,0.0,0.0,0.0,0.0,0.0,0.0,0.0,0.0,0,0.0,0.0,0.0,0.0,0.0,0.0,0.0
948,0,40,26.6177,79,56.4368,0.14,0.16114,0.25928,303.51,0.0,10,0,1.15,1.44,0.86,0,0.0,0.0,0.0,0.0,0.0,0.0,0.0,0.0,0.0,0.0,0.0,0.0,0.0,0,0.0,0.0,0.0,0.0,0.0,0.0,0.0
959,0,40,26.6177,79,56.4368,0.14,0.16114,0.25928,303.51,0.0,10,0,1.15,1.44,0.86,0,0.0,0.0,0.0,0.0,0.0,0.0,0.0,0.0,0.0,0.0,0.0,0.0,0.0,0,0.0,0.0,0.0,0.0,0.0,0.0,0.0
976,0,40,26.6177,79,56.4368,0.14,0.16114,0.25928,303.51,0.0,10,0,1.15,1.44,0.86,0,0.0,0.0,0.0,0.0,0.0,0.0,0.0,0.0,0.0,0.0,0.0,0.0,0.0,0,0.0,0.0,0.0,0.0,0.0,0.0,0.0
988,0,40,26.6177,79,56.4368,0.14,0.16114,0.25928,303.51,0.0,10,0,1.15,1.44,0.86,0,0.0,0.0,0.0,0.0,0.0,0.0,0.0,0.0,0.0,0.0,0.0,0.0,0.0,0,0.0,0.0,0.0,0.0,0.0,0.0,0.0
998,0,40,26.6177,79,56.4368,0.14,0.16114,0.25928,303.51,0.0,10,0,1.15,1.44,0.86,0,0.0,0.0,0.0,0.0,0.0,0.0,0.0,0.0,0.0,0.0,0.0,0.0,0.0,0,0.0,0.0,0.0,0.0,0.0,0.0,0.0
1016,0,40,26.6177,79,56.4368,0.14,0.16114,0.25928,303.51,0.0,10,0,1.15,1.44,0.86,0,0.0,0.0,0.0,0.0,0.0,0.0,0.0,0.0,0.0,0.0,0.0,0.0,0.0,0,0.0,0.0,0.0,0.0,0.0,0.0,0.0
1028,0,40,26.6177,79,56.4368,0.14,0.16114,0.25928,303.51,0.0,10,0,1.15,1.44,0.86,0,0.0,0.0,0.0,0.0,0.0,0.0,0.0,0.0,0.0,0.0,0.0,0.0,0.0,0,0.0,0.0,0.0,0.0,0.0,0.0,0.0
1039,0,40,26.6177,79,56.4368,0.14,0.16114,0.25928,303.51,0.0,10,0,1.15,1.44,0.86,0,0.0,0.0,0.0,0.0,0.0,0.0,0.0,0.0,0.0,0.0,0.0,0.0,0.0,0,0.0,0.0,0.0,0.0,0.0,0.0,0.0
1056,0,40,26.6177,79,56.4368,0.14,0.16114,0.25928,303.51,0.0,10,0,1.15,1.44,0.86,0,0.0,0.0,0.0,0.0,0.0,0.0,0.0,0.0,0.0,0.0,0.0,0.0,0.0,0,0.0,0.0,0.0,0.0,0.0,0.0,0.0
1071,0,40,26.6177,79,56.4368,0.14,0.16114,0.25928,303.51,0.0,10,0,1.15,1.44,0.86,0,0.0,0.0,0.0,0.0,0.0,0.0,0.0,0.0,0.0,0.0,0.0,0.0,0.0,0,0.0,0.0,0.0,0.0,0.0,0.0,0.0
1082,0,40,26.6177,79,56.4368,0.14,0.16114,0.25928,303.51,0.0,10,0,1.15,1.44,0.86,0,0.0,0.0,0.0,0.0,0.0,0.0,0.0,0.0,0.0,0.0,0.0,0.0,0.0,0,0.0,0.0,0.0,0.0,0.0,0.0,0.0
1099,0,40,26.6177,79,56.4368,0.14,0.16114,0.25928,303.51,0.0,10,0,1.15,1.44,0.86,0,0.0,0.0,0.0,0.0,0.0,0.0,0.0,0.0,0.0,0.0,0.0,0.0,0.0,0,0.0,0.0,0.0,0.0,0.0,0.0,0.0
1110,0,40,26.6177,79,56.4368,0.14,0.16114,0.25928,303.51,0.0,10,0,1.15,1.44,0.86,0,0.0,0.0,0.0,0.0,0.0,0.0,0.0,0.0,0.0,0.0,0.0,0.0,0.0,0,0.0,0.0,0.0,0.0,0.0,0.0,0.0
1121,0,40,26.6177,79,56.4368,0.14,0.16114,0.25928,303.51,0.0,10,0,1.15,1.44,0.86,0,0.0,0.0,0.0,0.0,0.0,0.0,0.0,0.0,0.0,0.0,0.0,0.0,0.0,0,0.0,0.0,0.0,0.0,0.0,0.0,0.0
1143,0,40,26.6177,79,56.4368,0.14,0.16114,0.25928,303.51,0.0,10,0,1.15,1.44,0.86,0,0.0,0.0,0.0,0.0,0.0,0.0,0.0,0.0,0.0,0.0,0.0,0.0,0.0,0,0.0,0.0,0.0,0.0,0.0,0.0,0.0
1154,0,40,26.6177,79,56.4368,0.14,0.16114,0.25928,303.51,0.0,10,0,1.15,1.44,0.86,0,0.0,0.0,0.0,0.0,0.0,0.0,0.0,0.0,0.0,0.0,0.0,0.0,0.0,0,0.0,0.0,0.0,0.0,0.0,0.0,0.0
1165,0,40,26.6177,79,56.4368,0.14,0.16114,0.25928,303.51,0.0,10,0,1.15,1.44,0.86,0,0.0,0.0,0.0,0.0,0.0,0.0,0.0,0.0,0.0,0.0,0.0,0.0,0.0,0,0.0,0.0,0.0,0.0,0.0,0.0,0.0
1183,0,40,26.6177,79,56.4368,0.14,0.16114,0.25928,303.51,0.0,10,0,1.15,1.44,0.86,0,0.0,0.0,0.0,0.0,0.0,0.0,0.0,0.0,0.0,0.0,0.0,0.0,0.0,0,0.0,0.0,0.0,0.0,0.0,0.0,0.0
1194,0,40,26.6177,79,56.4368,0.14,0.16114,0.25928,303.51,0.0,10,0,1.15,1.44,0.86,0,0.0,0.0,0.0,0.0,0.0,0.0,0.0,0.0,0.0,0.0,0.0,0.0,0.0,0,0.0,0.0,0.0,0.0,0.0,0.0,0.0
1205,0,40,26.6177,79,56.4368,0.14,0.16114,0.25928,303.51,0.0,10,0,1.15,1.44,0.86,0,0.0,0.0,0.0,0.0,0.0,0.0,0.0,0.0,0.0,0.0,0.0,0.0,0.0,0,0.0,0.0,0.0,0.0,0.0,0.0,0.0
1223,0,40,26.6177,79,56.4368,0.14,0.16114,0.25928,303.51,0.0,10,0,1.15,1.44,0.86,0,0.0,0.0,0.0,0.0,0.0,0.0,0.0,0.0,0.0,0.0,0.0,0.0,0.0,0,0.0,0.0,0.0,0.0,0.0,0.0,0.0
1234,0,40,26.6177,79,56.4368,0.14,0.16114,0.25928,303.51,0.0,10,0,1.15,1.44,0.86,0,0.0,0.0,0.0,0.0,0.0,0.0,0.0,0.0,0.0,0.0,0.0,0.0,0.0,0,0.0,0.0,0.0,0.0,0.0,0.0,0.0
1246,0,40,26.6177,79,56.4368,0.14,0.16114,0.25928,303.51,0.0,10,0,1.15,1.44,0.86,0,0.0,0.0,0.0,0.0,0.0,0.0,0.0,0.0,0.0,0.0,0.0,0.0,0.0,0,0.0,0.0,0.0,0.0,0.0,0.0,0.0
1263,0,40,26.6177,79,56.4368,0.14,0.16114,0.25928,303.51,0.0,10,0,1.15,1.44,0.86,0,0.0,0.0,0.0,0.0,0.0,0.0,0.0,0.0,0.0,0.0,0.0,0.0,0.0,0,0.0,0.0,0.0,0.0,0.0,0.0,0.0
1337,0,40,26.6176,79,56.4369,0.08000001,0.09208001,0.14816,222.96,0.0,10,0,1.15,1.44,0.86,0,0.0,0.0,0.0,0.0,0.0,0.0,0.0,0.0,0.0,0.0,0.0,0.0,0.0,0,0.0,0.0,0.0,0.0,0.0,0.0,0.0
1348,0,40,26.6176,79,56.4369,0.08000001,0.09208001,0.14816,222.96,0.0,10,0,1.15,1.44,0.86,0,0.0,0.0,0.0,0.0,0.0,0.0,0.0,0.0,0.0,0.0,0.0,0.0,0.0,0,0.0,0.0,0.0,0.0,0.0,0.0,0.0
1372,0,40,26.6176,79,56.4369,0.08000001,0.09208001,0.14816,222.96,0.0,10,0,1.15,1.44,0.86,0,0.0,0.0,0.0,0.0,0.0,0.0,0.0,0.0,0.0,0.0,0.0,0.0,0.0,0,0.0,0.0,0.0,0.0,0.0,0.0,0.0
1383,0,40,26.6176,79,56.4369,0.08000001,0.09208001,0.14816,222.96,0.0,10,0,1.15,1.44,0.86,0,0.0,0.0,0.0,0.0,0.0,0.0,0.0,0.0,0.0,0.0,0.0,0.0,0.0,0,0.0,0.0,0.0,0.0,0.0,0.0,0.0
1394,0,40,26.6176,79,56.4369,0.08000001,0.09208001,0.14816,222.96,0.0,10,0,1.15,1.44,0.86,0,0.0,0.0,0.0,0.0,0.0,0.0,0.0,0.0,0.0,0.0,0.0,0.0,0.0,0,0.0,0.0,0.0,0.0,0.0,0.0,0.0
1412,0,40,26.6176,79,56.4369,0.08000001,0.09208001,0.14816,222.96,0.0,10,0,1.15,1.44,0.86,0,0.0,0.0,0.0,0.0,0.0,0.0,0.0,0.0,0.0,0.0,0.0,0.0,0.0,0,0.0,0.0,0.0,0.0,0.0,0.0,0.0
1423,0,40,26.6176,79,56.4369,0.08000001,0.09208001,0.14816,222.96,0.0,10,0,1.15,1.44,0.86,0,0.0,0.0,0.0,0.0,0.0,0.0,0.0,0.0,0.0,0.0,0.0,0.0,0.0,0,0.0,0.0,0.0,0.0,0.0,0.0,0.0
1435,0,40,26.6176,79,56.4369,0.08000001,0.09208001,0.14816,222.96,0.0,10,0,1.15,1.44,0.86,0,0.0,0.0,0.0,0.0,0.0,0.0,0.0,0.0,0.0,0.0,0.0,0.0,0.0,0,0.0,0.0,0.0,0.0,0.0,0.0,0.0
1452,0,40,26.6176,79,56.4369,0.08000001,0.09208001,0.14816,222.96,0.0,10,0,1.15,1.44,0.86,0,0.0,0.0,0.0,0.0,0.0,0.0,0.0,0.0,0.0,0.0,0.0,0.0,0.0,0,0.0,0.0,0.0,0.0,0.0,0.0,0.0
1463,0,40,26.6176,79,56.4369,0.08000001,0.09208001,0.14816,222.96,0.0,10,0,1.15,1.44,0.86,0,0.0,0.0,0.0,0.0,0.0,0.0,0.0,0.0,0.0,0.0,0.0,0.0,0.0,0,0.0,0.0,0.0,0.0,0.0,0.0,0.0
1475,0,40,26.6176,79,56.4369,0.08000001,0.09208001,0.14816,222.96,0.0,10,0,1.15,1.44,0.86,0,0.0,0.0,0.0,0.0,0.0,0.0,0.0,0.0,0.0,0.0,0.0,0.0,0.0,0,0.0,0.0,0.0,0.0,0.0,0.0,0.0
1491,0,40,26.6176,79,56.4369,0.08000001,0.09208001,0.14816,222.96,0.0,10,0,1.15,1.44,0.86,0,0.0,0.0,0.0,0.0,0.0,0.0,0.0,0.0,0.0,0.0,0.0,0.0,0.0,0,0.0,0.0,0.0,0.0,0.0,0.0,0.0
1502,0,40,26.6176,79,56.4369,0.08000001,0.09208001,0.14816,222.96,0.0,10,0,1.15,1.44,0.86,0,0.0,0.0,0.0,0.0,0.0,0.0,0.0,0.0,0.0,0.0,0.0,0.0,0.0,0,0.0,0.0,0.0,0.0,0.0,0.0,0.0
1513,0,40,26.6176,79,56.4369,0.08000001,0.09208001,0.14816,222.96,0.0,10,0,1.15,1.44,0.86,0,0.0,0.0,0.0,0.0,0.0,0.0,0.0,0.0,0.0,0.0,0.0,0.0,0.0,0,0.0,0.0,0.0,0.0,0.0,0.0,0.0
1535,0,40,26.6176,79,56.4369,0.08000001,0.09208001,0.14816,222.96,0.0,10,0,1.15,1.44,0.86,0,0.0,0.0,0.0,0.0,0.0,0.0,0.0,0.0,0.0,0.0,0.0,0.0,0.0,0,0.0,0.0,0.0,0.0,0.0,0.0,0.0
1546,0,40,26.6176,79,56.4369,0.08000001,0.09208001,0.14816,222.96,0.0,10,0,1.15,1.44,0.86,0,0.0,0.0,0.0,0.0,0.0,0.0,0.0,0.0,0.0,0.0,0.0,0.0,0.0,0,0.0,0.0,0.0,0.0,0.0,0.0,0.0
1557,0,40,26.6176,79,56.4369,0.08000001,0.09208001,0.14816,222.96,0.0,10,0,1.15,1.44,0.86,0,0.0,0.0,0.0,0.0,0.0,0.0,0.0,0.0,0.0,0.0,0.0,0.0,0.0,0,0.0,0.0,0.0,0.0,0.0,0.0,0.0
1575,0,40,26.6176,79,56.4369,0.08000001,0.09208001,0.14816,222.96,0.0,10,0,1.15,1.44,0.86,0,0.0,0.0,0.0,0.0,0.0,0.0,0.0,0.0,0.0,0.0,0.0,0.0,0.0,0,0.0,0.0,0.0,0.0,0.0,0.0,0.0
1587,0,40,26.6176,79,56.4369,0.08000001,0.09208001,0.14816,222.96,0.0,10,0,1.15,1.44,0.86,0,0.0,0.0,0.0,0.0,0.0,0.0,0.0,0.0,0.0,0.0,0.0,0.0,0.0,0,0.0,0.0,0.0,0.0,0.0,0.0,0.0
1602,0,40,26.6176,79,56.4369,0.08000001,0.09208001,0.14816,222.96,0.0,10,0,1.15,1.44,0.86,0,0.0,0.0,0.0,0.0,0.0,0.0,0.0,0.0,0.0,0.0,0.0,0.0,0.0,0,0.0,0.0,0.0,0.0,0.0,0.0,0.0
1621,0,40,26.6176,79,56.4369,0.08000001,0.09208001,0.14816,222.96,0.0,10,0,1.15,1.44,0.86,0,0.0,0.0,0.0,0.0,0.0,0.0,0.0,0.0,0.0,0.0,0.0,0.0,0.0,0,0.0,0.0,0.0,0.0,0.0,0.0,0.0
1633,0,40,26.6176,79,56.4369,0.08000001,0.09208001,0.14816,222.96,0.0,10,0,1.15,1.44,0.86,0,0.0,0.0,0.0,0.0,0.0,0.0,0.0,0.0,0.0,0.0,0.0,0.0,0.0,0,0.0,0.0,0.0,0.0,0.0,0.0,0.0
1643,0,40,26.6176,79,56.4369,0.08000001,0.09208001,0.14816,222.96,0.0,10,0,1.15,1.44,0.86,0,0.0,0.0,0.0,0.0,0.0,0.0,0.0,0.0,0.0,0.0,0.0,0.0,0.0,0,0.0,0.0,0.0,0.0,0.0,0.0,0.0
1660,0,40,26.6176,79,56.4369,0.08000001,0.09208001,0.14816,222.96,0.0,10,0,1.15,1.44,0.86,0,0.0,0.0,0.0,0.0,0.0,0.0,0.0,0.0,0.0,0.0,0.0,0.0,0.0,0,0.0,0.0,0.0,0.0,0.0,0.0,0.0
1673,0,40,26.6176,79,56.4369,0.08000001,0.09208001,0.14816,222.96,0.0,10,0,1.15,1.44,0.86,0,0.0,0.0,0.0,0.0,0.0,0.0,0.0,0.0,0.0,0.0,0.0,0.0,0.0,0,0.0,0.0,0.0,0.0,0.0,0.0,0.0
1683,0,40,26.6176,79,56.4369,0.08000001,0.09208001,0.14816,222.96,0.0,10,0,1.15,1.44,0.86,0,0.0,0.0,0.0,0.0,0.0,0.0,0.0,0.0,0.0,0.0,0.0,0.0,0.0,0,0.0,0.0,0.0,0.0,0.0,0.0,0.0
1701,0,40,26.6176,79,56.4369,0.08000001,0.09208001,0.14816,222.96,0.0,10,0,1.15,1.44,0.86,0,0.0,0.0,0.0,0.0,0.0,0.0,0.0,0.0,0.0,0.0,0.0,0.0,0.0,0,0.0,0.0,0.0,0.0,0.0,0.0,0.0
1713,0,40,26.6176,79,56.4369,0.08000001,0.09208001,0.14816,222.96,0.0,10,0,1.15,1.44,0.86,0,0.0,0.0,0.0,0.0,0.0,0.0,0.0,0.0,0.0,0.0,0.0,0.0,0.0,0,0.0,0.0,0.0,0.0,0.0,0.0,0.0
1724,0,40,26.6176,79,56.4369,0.08000001,0.09208001,0.14816,222.96,0.0,10,0,1.15,1.44,0.86,0,0.0,0.0,0.0,0.0,0.0,0.0,0.0,0.0,0.0,0.0,0.0,0.0,0.0,0,0.0,0.0,0.0,0.0,0.0,0.0,0.0
1741,0,40,26.6176,79,56.4369,0.08000001,0.09208001,0.14816,222.96,0.0,10,0,1.15,1.44,0.86,0,0.0,0.0,0.0,0.0,0.0,0.0,0.0,0.0,0.0,0.0,0.0,0.0,0.0,0,0.0,0.0,0.0,0.0,0.0,0.0,0.0
1752,0,40,26.6176,79,56.4369,0.08000001,0.09208001,0.14816,222.96,0.0,10,0,1.15,1.44,0.86,0,0.0,0.0,0.0,0.0,0.0,0.0,0.0,0.0,0.0,0.0,0.0,0.0,0.0,0,0.0,0.0,0.0,0.0,0.0,0.0,0.0
1763,0,40,26.6176,79,56.4369,0.08000001,0.09208001,0.14816,222.96,0.0,10,0,1.15,1.44,0.86,0,0.0,0.0,0.0,0.0,0.0,0.0,0.0,0.0,0.0,0.0,0.0,0.0,0.0,0,0.0,0.0,0.0,0.0,0.0,0.0,0.0
1780,0,40,26.6176,79,56.4369,0.08000001,0.09208001,0.14816,222.96,0.0,10,0,1.15,1.44,0.86,0,0.0,0.0,0.0,0.0,0.0,0.0,0.0,0.0,0.0,0.0,0.0,0.0,0.0,0,0.0,0.0,0.0,0.0,0.0,0.0,0.0
1792,0,40,26.6176,79,56.4369,0.08000001,0.09208001,0.14816,222.96,0.0,10,0,1.15,1.44,0.86,0,0.0,0.0,0.0,0.0,0.0,0.0,0.0,0.0,0.0,0.0,0.0,0.0,0.0,0,0.0,0.0,0.0,0.0,0.0,0.0,0.0
1802,0,40,26.6176,79,56.4369,0.08000001,0.09208001,0.14816,222.96,0.0,10,0,1.15,1.44,0.86,0,0.0,0.0,0.0,0.0,0.0,0.0,0.0,0.0,0.0,0.0,0.0,0.0,0.0,0,0.0,0.0,0.0,0.0,0.0,0.0,0.0
1820,0,40,26.6176,79,56.4369,0.08000001,0.09208001,0.14816,222.96,0.0,10,0,1.15,1.44,0.86,0,0.0,0.0,0.0,0.0,0.0,0.0,0.0,0.0,0.0,0.0,0.0,0.0,0.0,0,0.0,0.0,0.0,0.0,0.0,0.0,0.0
1832,0,40,26.6176,79,56.4369,0.08000001,0.09208001,0.14816,222.96,0.0,10,0,1.15,1.44,0.86,0,0.0,0.0,0.0,0.0,0.0,0.0,0.0,0.0,0.0,0.0,0.0,0.0,0.0,0,0.0,0.0,0.0,0.0,0.0,0.0,0.0
1847,0,40,26.6176,79,56.4369,0.08000001,0.09208001,0.14816,222.96,0.0,10,0,1.15,1.44,0.86,0,0.0,0.0,0.0,0.0,0.0,0.0,0.0,0.0,0.0,0.0,0.0,0.0,0.0,0,0.0,0.0,0.0,0.0,0.0,0.0,0.0
1869,0,40,26.6176,79,56.4369,0.08000001,0.09208001,0.14816,222.96,0.0,10,0,1.15,1.44,0.86,0,0.0,0.0,0.0,0.0,0.0,0.0,0.0,0.0,0.0,0.0,0.0,0.0,0.0,0,0.0,0.0,0.0,0.0,0.0,0.0,0.0
1880,0,40,26.6176,79,56.4369,0.08000001,0.09208001,0.14816,222.96,0.0,10,0,1.15,1.44,0.86,0,0.0,0.0,0.0,0.0,0.0,0.0,0.0,0.0,0.0,0.0,0.0,0.0,0.0,0,0.0,0.0,0.0,0.0,0.0,0.0,0.0
1891,0,40,26.6176,79,56.4369,0.08000001,0.09208001,0.14816,222.96,0.0,10,0,1.15,1.44,0.86,0,0.0,0.0,0.0,0.0,0.0,0.0,0.0,0.0,0.0,0.0,0.0,0.0,0.0,0,0.0,0.0,0.0,0.0,0.0,0.0,0.0
1909,0,40,26.6176,79,56.4369,0.08000001,0.09208001,0.14816,222.96,0.0,10,0,1.15,1.44,0.86,0,0.0,0.0,0.0,0.0,0.0,0.0,0.0,0.0,0.0,0.0,0.0,0.0,0.0,0,0.0,0.0,0.0,0.0,0.0,0.0,0.0
1921,0,40,26.6176,79,56.4369,0.08000001,0.09208001,0.14816,222.96,0.0,10,0,1.15,1.44,0.86,0,0.0,0.0,0.0,0.0,0.0,0.0,0.0,0.0,0.0,0.0,0.0,0.0,0.0,0,0.0,0.0,0.0,0.0,0.0,0.0,0.0
1932,0,40,26.6176,79,56.4369,0.08000001,0.09208001,0.14816,222.96,0.0,10,0,1.15,1.44,0.86,0,0.0,0.0,0.0,0.0,0.0,0.0,0.0,0.0,0.0,0.0,0.0,0.0,0.0,0,0.0,0.0,0.0,0.0,0.0,0.0,0.0
1949,0,40,26.6176,79,56.4369,0.08000001,0.09208001,0.14816,222.96,0.0,10,0,1.15,1.44,0.86,0,0.0,0.0,0.0,0.0,0.0,0.0,0.0,0.0,0.0,0.0,0.0,0.0,0.0,0,0.0,0.0,0.0,0.0,0.0,0.0,0.0
1961,0,40,26.6176,79,56.4369,0.08000001,0.09208001,0.14816,222.96,0.0,10,0,1.15,1.44,0.86,0,0.0,0.0,0.0,0.0,0.0,0.0,0.0,0.0,0.0,0.0,0.0,0.0,0.0,0,0.0,0.0,0.0,0.0,0.0,0.0,0.0
1971,0,40,26.6176,79,56.4369,0.08000001,0.09208001,0.14816,222.96,0.0,10,0,1.15,1.44,0.86,0,0.0,0.0,0.0,0.0,0.0,0.0,0.0,0.0,0.0,0.0,0.0,0.0,0.0,0,0.0,0.0,0.0,0.0,0.0,0.0,0.0
1988,0,40,26.6176,79,56.4369,0.08000001,0.09208001,0.14816,222.96,0.0,10,0,1.15,1.44,0.86,0,0.0,0.0,0.0,0.0,0.0,0.0,0.0,0.0,0.0,0.0,0.0,0.0,0.0,0,0.0,0.0,0.0,0.0,0.0,0.0,0.0
2000,0,40,26.6176,79,56.4369,0.08000001,0.09208001,0.14816,222.96,0.0,10,0,1.15,1.44,0.86,0,0.0,0.0,0.0,0.0,0.0,0.0,0.0,0.0,0.0,0.0,0.0,0.0,0.0,0,0.0,0.0,0.0,0.0,0.0,0.0,0.0
2010,0,40,26.6176,79,56.4369,0.08000001,0.09208001,0.14816,222.96,0.0,10,0,1.15,1.44,0.86,0,0.0,0.0,0.0,0.0,0.0,0.0,0.0,0.0,0.0,0.0,0.0,0.0,0.0,0,0.0,0.0,0.0,0.0,0.0,0.0,0.0
2028,0,40,26.6176,79,56.4369,0.08000001,0.09208001,0.14816,222.96,0.0,10,0,1.15,1.44,0.86,0,0.0,0.0,0.0,0.0,0.0,0.0,0.0,0.0,0.0,0.0,0.0,0.0,0.0,0,0.0,0.0,0.0,0.0,0.0,0.0,0.0
2040,0,40,26.6176,79,56.4369,0.08000001,0.09208001,0.14816,222.96,0.0,10,0,1.15,1.44,0.86,0,0.0,0.0,0.0,0.0,0.0,0.0,0.0,0.0,0.0,0.0,0.0,0.0,0.0,0,0.0,0.0,0.0,0.0,0.0,0.0,0.0
2051,0,40,26.6176,79,56.4369,0.08000001,0.09208001,0.14816,222.96,0.0,10,0,1.15,1.44,0.86,0,0.0,0.0,0.0,0.0,0.0,0.0,0.0,0.0,0.0,0.0,0.0,0.0,0.0,0,0.0,0.0,0.0,0.0,0.0,0.0,0.0
2068,0,40,26.6176,79,56.4369,0.08000001,0.09208001,0.14816,222.96,0.0,10,0,1.15,1.44,0.86,0,0.0,0.0,0.0,0.0,0.0,0.0,0.0,0.0,0.0,0.0,0.0,0.0,0.0,0,0.0,0.0,0.0,0.0,0.0,0.0,0.0
2084,0,40,26.6176,79,56.4369,0.08000001,0.09208001,0.14816,222.96,0.0,10,0,1.15,1.44,0.86,0,0.0,0.0,0.0,0.0,0.0,0.0,0.0,0.0,0.0,0.0,0.0,0.0,0.0,0,0.0,0.0,0.0,0.0,0.0,0.0,0.0
2094,0,40,26.6176,79,56.4369,0.08000001,0.09208001,0.14816,222.96,0.0,10,0,1.15,1.44,0.86,0,0.0,0.0,0.0,0.0,0.0,0.0,0.0,0.0,0.0,0.0,0.0,0.0,0.0,0,0.0,0.0,0.0,0.0,0.0,0.0,0.0
2116,0,40,26.6176,79,56.4369,0.08000001,0.09208001,0.14816,222.96,0.0,10,0,1.15,1.44,0.86,0,0.0,0.0,0.0,0.0,0.0,0.0,0.0,0.0,0.0,0.0,0.0,0.0,0.0,0,0.0,0.0,0.0,0.0,0.0,0.0,0.0
2128,0,40,26.6176,79,56.4369,0.08000001,0.09208001,0.14816,222.96,0.0,10,0,1.15,1.44,0.86,0,0.0,0.0,0.0,0.0,0.0,0.0,0.0,0.0,0.0,0.0,0.0,0.0,0.0,0,0.0,0.0,0.0,0.0,0.0,0.0,0.0
2138,0,40,26.6176,79,56.4369,0.08000001,0.09208001,0.14816,222.96,0.0,10,0,1.15,1.44,0.86,0,0.0,0.0,0.0,0.0,0.0,0.0,0.0,0.0,0.0,0.0,0.0,0.0,0.0,0,0.0,0.0,0.0,0.0,0.0,0.0,0.0
2156,0,40,26.6176,79,56.4369,0.08000001,0.09208001,0.14816,222.96,0.0,10,0,1.15,1.44,0.86,0,0.0,0.0,0.0,0.0,0.0,0.0,0.0,0.0,0.0,0.0,0.0,0.0,0.0,0,0.0,0.0,0.0,0.0,0.0,0.0,0.0
2168,0,40,26.6176,79,56.4369,0.08000001,0.09208001,0.14816,222.96,0.0,10,0,1.15,1.44,0.86,0,0.0,0.0,0.0,0.0,0.0,0.0,0.0,0.0,0.0,0.0,0.0,0.0,0.0,0,0.0,0.0,0.0,0.0,0.0,0.0,0.0
2178,0,40,26.6176,79,56.4369,0.08000001,0.09208001,0.14816,222.96,0.0,10,0,1.15,1.44,0.86,0,0.0,0.0,0.0,0.0,0.0,0.0,0.0,0.0,0.0,0.0,0.0,0.0,0.0,0,0.0,0.0,0.0,0.0,0.0,0.0,0.0
2196,0,40,26.6176,79,56.4369,0.08000001,0.09208001,0.14816,222.96,0.0,10,0,1.15,1.44,0.86,0,0.0,0.0,0.0,0.0,0.0,0.0,0.0,0.0,0.0,0.0,0.0,0.0,0.0,0,0.0,0.0,0.0,0.0,0.0,0.0,0.0
2208,0,40,26.6176,79,56.4369,0.08000001,0.09208001,0.14816,222.96,0.0,10,0,1.15,1.44,0.86,0,0.0,0.0,0.0,0.0,0.0,0.0,0.0,0.0,0.0,0.0,0.0,0.0,0.0,0,0.0,0.0,0.0,0.0,0.0,0.0,0.0
2219,0,40,26.6176,79,56.4369,0.08000001,0.09208001,0.14816,222.96,0.0,10,0,1.15,1.44,0.86,0,0.0,0.0,0.0,0.0,0.0,0.0,0.0,0.0,0.0,0.0,0.0,0.0,0.0,0,0.0,0.0,0.0,0.0,0.0,0.0,0.0
2301,0,40,26.6176,79,56.4369,0.08000001,0.09208001,0.14816,222.96,0.0,10,0,1.15,1.44,0.86,0,0.0,0.0,0.0,0.0,0.0,0.0,0.0,0.0,0.0,0.0,0.0,0.0,0.0,0,0.0,0.0,0.0,0.0,0.0,0.0,0.0
2312,0,40,26.6176,79,56.4369,0.08000001,0.09208001,0.14816,222.96,0.0,10,0,1.15,1.44,0.86,0,0.0,0.0,0.0,0.0,0.0,0.0,0.0,0.0,0.0,0.0,0.0,0.0,0.0,0,0.0,0.0,0.0,0.0,0.0,0.0,0.0
2322,0,40,26.6176,79,56.4369,0.08000001,0.09208001,0.14816,222.96,0.0,10,0,1.15,1.44,0.86,0,0.0,0.0,0.0,0.0,0.0,0.0,0.0,0.0,0.0,0.0,0.0,0.0,0.0,0,0.0,0.0,0.0,0.0,0.0,0.0,0.0
2340,0,40,26.6176,79,56.4369,0.08000001,0.09208001,0.14816,222.96,0.0,10,0,1.15,1.44,0.86,0,0.0,0.0,0.0,0.0,0.0,0.0,0.0,0.0,0.0,0.0,0.0,0.0,0.0,0,0.0,0.0,0.0,0.0,0.0,0.0,0.0
2351,0,40,26.6176,79,56.4369,0.08000001,0.09208001,0.14816,222.96,0.0,10,0,1.15,1.44,0.86,0,0.0,0.0,0.0,0.0,0.0,0.0,0.0,0.0,0.0,0.0,0.0,0.0,0.0,0,0.0,0.0,0.0,0.0,0.0,0.0,0.0
2362,0,40,26.6176,79,56.4369,0.08000001,0.09208001,0.14816,222.96,0.0,10,0,1.15,1.44,0.86,0,0.0,0.0,0.0,0.0,0.0,0.0,0.0,0.0,0.0,0.0,0.0,0.0,0.0,0,0.0,0.0,0.0,0.0,0.0,0.0,0.0
2388,0,40,26.6176,79,56.4369,0.08000001,0.09208001,0.14816,222.96,0.0,10,0,1.15,1.44,0.86,0,0.0,0.0,0.0,0.0,0.0,0.0,0.0,0.0,0.0,0.0,0.0,0.0,0.0,0,0.0,0.0,0.0,0.0,0.0,0.0,0.0
2399,0,40,26.6176,79,56.4369,0.08000001,0.09208001,0.14816,222.96,0.0,10,0,1.15,1.44,0.86,0,0.0,0.0,0.0,0.0,0.0,0.0,0.0,0.0,0.0,0.0,0.0,0.0,0.0,0,0.0,0.0,0.0,0.0,0.0,0.0,0.0
2410,0,40,26.6176,79,56.4369,0.08000001,0.09208001,0.14816,222.96,0.0,10,0,1.15,1.44,0.86,0,0.0,0.0,0.0,0.0,0.0,0.0,0.0,0.0,0.0,0.0,0.0,0.0,0.0,0,0.0,0.0,0.0,0.0,0.0,0.0,0.0
2430,0,40,26.6176,79,56.4369,0.08000001,0.09208001,0.14816,222.96,0.0,10,0,1.15,1.44,0.86,0,0.0,0.0,0.0,0.0,0.0,0.0,0.0,0.0,0.0,0.0,0.0,0.0,0.0,0,0.0,0.0,0.0,0.0,0.0,0.0,0.0
2441,0,40,26.6176,79,56.4369,0.08000001,0.09208001,0.14816,222.96,0.0,10,0,1.15,1.44,0.86,0,0.0,0.0,0.0,0.0,0.0,0.0,0.0,0.0,0.0,0.0,0.0,0.0,0.0,0,0.0,0.0,0.0,0.0,0.0,0.0,0.0
2451,0,40,26.6176,79,56.4369,0.08000001,0.09208001,0.14816,222.96,0.0,10,0,1.15,1.44,0.86,0,0.0,0.0,0.0,0.0,0.0,0.0,0.0,0.0,0.0,0.0,0.0,0.0,0.0,0,0.0,0.0,0.0,0.0,0.0,0.0,0.0
2469,0,40,26.6176,79,56.4369,0.08000001,0.09208001,0.14816,222.96,0.0,10,0,1.15,1.44,0.86,0,0.0,0.0,0.0,0.0,0.0,0.0,0.0,0.0,0.0,0.0,0.0,0.0,0.0,0,0.0,0.0,0.0,0.0,0.0,0.0,0.0
2480,0,40,26.6176,79,56.4369,0.08000001,0.09208001,0.14816,222.96,0.0,10,0,1.15,1.44,0.86,0,0.0,0.0,0.0,0.0,0.0,0.0,0.0,0.0,0.0,0.0,0.0,0.0,0.0,0,0.0,0.0,0.0,0.0,0.0,0.0,0.0
2491,0,40,26.6176,79,56.4369,0.08000001,0.09208001,0.14816,222.96,0.0,10,0,1.15,1.44,0.86,0,0.0,0.0,0.0,0.0,0.0,0.0,0.0,0.0,0.0,0.0,0.0,0.0,0.0,0,0.0,0.0,0.0,0.0,0.0,0.0,0.0
2510,0,40,26.6176,79,56.4369,0.08000001,0.09208001,0.14816,222.96,0.0,10,0,1.15,1.44,0.86,0,0.0,0.0,0.0,0.0,0.0,0.0,0.0,0.0,0.0,0.0,0.0,0.0,0.0,0,0.0,0.0,0.0,0.0,0.0,0.0,0.0
2521,0,40,26.6176,79,56.4369,0.08000001,0.09208001,0.14816,222.96,0.0,10,0,1.15,1.44,0.86,0,0.0,0.0,0.0,0.0,0.0,0.0,0.0,0.0,0.0,0.0,0.0,0.0,0.0,0,0.0,0.0,0.0,0.0,0.0,0.0,0.0
2531,0,40,26.6176,79,56.4369,0.08000001,0.09208001,0.14816,222.96,0.0,10,0,1.15,1.44,0.86,0,0.0,0.0,0.0,0.0,0.0,0.0,0.0,0.0,0.0,0.0,0.0,0.0,0.0,0,0.0,0.0,0.0,0.0,0.0,0.0,0.0
2549,0,40,26.6176,79,56.4369,0.08000001,0.09208001,0.14816,222.96,0.0,10,0,1.15,1.44,0.86,0,0.0,0.0,0.0,0.0,0.0,0.0,0.0,0.0,0.0,0.0,0.0,0.0,0.0,0,0.0,0.0,0.0,0.0,0.0,0.0,0.0
2560,0,40,26.6176,79,56.4369,0.08000001,0.09208001,0.14816,222.96,0.0,10,0,1.15,1.44,0.86,0,0.0,0.0,0.0,0.0,0.0,0.0,0.0,0.0,0.0,0.0,0.0,0.0,0.0,0,0.0,0.0,0.0,0.0,0.0,0.0,0.0
2570,0,40,26.6176,79,56.4369,0.08000001,0.09208001,0.14816,222.96,0.0,10,0,1.15,1.44,0.86,0,0.0,0.0,0.0,0.0,0.0,0.0,0.0,0.0,0.0,0.0,0.0,0.0,0.0,0,0.0,0.0,0.0,0.0,0.0,0.0,0.0
2588,0,40,26.6176,79,56.4369,0.08000001,0.09208001,0.14816,222.96,0.0,10,0,1.15,1.44,0.86,0,0.0,0.0,0.0,0.0,0.0,0.0,0.0,0.0,0.0,0.0,0.0,0.0,0.0,0,0.0,0.0,0.0,0.0,0.0,0.0,0.0
2599,0,40,26.6176,79,56.4369,0.08000001,0.09208001,0.14816,222.96,0.0,10,0,1.15,1.44,0.86,0,0.0,0.0,0.0,0.0,0.0,0.0,0.0,0.0,0.0,0.0,0.0,0.0,0.0,0,0.0,0.0,0.0,0.0,0.0,0.0,0.0
2614,0,40,26.6176,79,56.4369,0.08000001,0.09208001,0.14816,222.96,0.0,10,0,1.15,1.44,0.86,0,0.0,0.0,0.0,0.0,0.0,0.0,0.0,0.0,0.0,0.0,0.0,0.0,0.0,0,0.0,0.0,0.0,0.0,0.0,0.0,0.0
2636,0,40,26.6176,79,56.4369,0.08000001,0.09208001,0.14816,222.96,0.0,10,0,1.15,1.44,0.86,0,0.0,0.0,0.0,0.0,0.0,0.0,0.0,0.0,0.0,0.0,0.0,0.0,0.0,0,0.0,0.0,0.0,0.0,0.0,0.0,0.0
2647,0,40,26.6176,79,56.4369,0.08000001,0.09208001,0.14816,222.96,0.0,10,0,1.15,1.44,0.86,0,0.0,0.0,0.0,0.0,0.0,0.0,0.0,0.0,0.0,0.0,0.0,0.0,0.0,0,0.0,0.0,0.0,0.0,0.0,0.0,0.0
2658,0,40,26.6176,79,56.4369,0.08000001,0.09208001,0.14816,222.96,0.0,10,0,1.15,1.44,0.86,0,0.0,0.0,0.0,0.0,0.0,0.0,0.0,0.0,0.0,0.0,0.0,0.0,0.0,0,0.0,0.0,0.0,0.0,0.0,0.0,0.0
2677,0,40,26.6176,79,56.4369,0.08000001,0.09208001,0.14816,222.96,0.0,10,0,1.15,1.44,0.86,0,0.0,0.0,0.0,0.0,0.0,0.0,0.0,0.0,0.0,0.0,0.0,0.0,0.0,0,0.0,0.0,0.0,0.0,0.0,0.0,0.0
2688,0,40,26.6176,79,56.4369,0.08000001,0.09208001,0.14816,222.96,0.0,10,0,1.15,1.44,0.86,0,0.0,0.0,0.0,0.0,0.0,0.0,0.0,0.0,0.0,0.0,0.0,0.0,0.0,0,0.0,0.0,0.0,0.0,0.0,0.0,0.0
2699,0,40,26.6176,79,56.4369,0.08000001,0.09208001,0.14816,222.96,0.0,10,0,1.15,1.44,0.86,0,0.0,0.0,0.0,0.0,0.0,0.0,0.0,0.0,0.0,0.0,0.0,0.0,0.0,0,0.0,0.0,0.0,0.0,0.0,0.0,0.0
2718,0,40,26.6176,79,56.4369,0.08000001,0.09208001,0.14816,222.96,0.0,10,0,1.15,1.44,0.86,0,0.0,0.0,0.0,0.0,0.0,0.0,0.0,0.0,0.0,0.0,0.0,0.0,0.0,0,0.0,0.0,0.0,0.0,0.0,0.0,0.0
2729,0,40,26.6176,79,56.4369,0.08000001,0.09208001,0.14816,222.96,0.0,10,0,1.15,1.44,0.86,0,0.0,0.0,0.0,0.0,0.0,0.0,0.0,0.0,0.0,0.0,0.0,0.0,0.0,0,0.0,0.0,0.0,0.0,0.0,0.0,0.0
2739,0,40,26.6176,79,56.4369,0.08000001,0.09208001,0.14816,222.96,0.0,10,0,1.15,1.44,0.86,0,0.0,0.0,0.0,0.0,0.0,0.0,0.0,0.0,0.0,0.0,0.0,0.0,0.0,0,0.0,0.0,0.0,0.0,0.0,0.0,0.0
2757,0,40,26.6176,79,56.4369,0.08000001,0.09208001,0.14816,222.96,0.0,10,0,1.15,1.44,0.86,0,0.0,0.0,0.0,0.0,0.0,0.0,0.0,0.0,0.0,0.0,0.0,0.0,0.0,0,0.0,0.0,0.0,0.0,0.0,0.0,0.0
2768,0,40,26.6176,79,56.4369,0.08000001,0.09208001,0.14816,222.96,0.0,10,0,1.15,1.44,0.86,0,0.0,0.0,0.0,0.0,0.0,0.0,0.0,0.0,0.0,0.0,0.0,0.0,0.0,0,0.0,0.0,0.0,0.0,0.0,0.0,0.0
2779,0,40,26.6176,79,56.4369,0.08000001,0.09208001,0.14816,222.96,0.0,10,0,1.15,1.44,0.86,0,0.0,0.0,0.0,0.0,0.0,0.0,0.0,0.0,0.0,0.0,0.0,0.0,0.0,0,0.0,0.0,0.0,0.0,0.0,0.0,0.0
2797,0,40,26.6176,79,56.4369,0.08000001,0.09208001,0.14816,222.96,0.0,10,0,1.15,1.44,0.86,0,0.0,0.0,0.0,0.0,0.0,0.0,0.0,0.0,0.0,0.0,0.0,0.0,0.0,0,0.0,0.0,0.0,0.0,0.0,0.0,0.0
2808,0,40,26.6176,79,56.4369,0.08000001,0.09208001,0.14816,222.96,0.0,10,0,1.15,1.44,0.86,0,0.0,0.0,0.0,0.0,0.0,0.0,0.0,0.0,0.0,0.0,0.0,0.0,0.0,0,0.0,0.0,0.0,0.0,0.0,0.0,0.0
2819,0,40,26.6176,79,56.4369,0.08000001,0.09208001,0.14816,222.96,0.0,10,0,1.15,1.44,0.86,0,0.0,0.0,0.0,0.0,0.0,0.0,0.0,0.0,0.0,0.0,0.0,0.0,0.0,0,0.0,0.0,0.0,0.0,0.0,0.0,0.0
2838,0,40,26.6176,79,56.4369,0.08000001,0.09208001,0.14816,222.96,0.0,10,0,1.15,1.44,0.86,0,0.0,0.0,0.0,0.0,0.0,0.0,0.0,0.0,0.0,0.0,0.0,0.0,0.0,0,0.0,0.0,0.0,0.0,0.0,0.0,0.0
2852,0,40,26.6176,79,56.4369,0.08000001,0.09208001,0.14816,222.96,0.0,10,0,1.15,1.44,0.86,0,0.0,0.0,0.0,0.0,0.0,0.0,0.0,0.0,0.0,0.0,0.0,0.0,0.0,0,0.0,0.0,0.0,0.0,0.0,0.0,0.0
2863,0,40,26.6176,79,56.4369,0.08000001,0.09208001,0.14816,222.96,0.0,10,0,1.15,1.44,0.86,0,0.0,0.0,0.0,0.0,0.0,0.0,0.0,0.0,0.0,0.0,0.0,0.0,0.0,0,0.0,0.0,0.0,0.0,0.0,0.0,0.0
